results_dir,day_class,date,workload,cell,chip,variant,set_aside,instance_type,cell_json_workload,cell_json_cell,nodes,minutes,runs_requested,has_cell_json,has_knee_json,cell_invalid,invalid_before_rejudge,rejudged,app_env,llama_n_threads,llama_system_info,n_run_dirs,n_runs_measured,n_runs_valid,headline_metric,headline_unit,headline_median,headline_min,headline_max,headline_median_all_runs,headline_source,p99_ms_median,delivered_rps_median,fixed_ops_median,gbps_rev_median,cpu_cores_per_gbps_fwd_median,cpu_cores_per_gbps_rev_median,lag_p99_ms_median,run_loader_peak_percent_max,runs_invalid_before_rejudge,run_invalid_reasons,knee_unit_raw,knee_throughput,knee_throughput_unit,knee_step,slo_ms,ended_by_kind,ended_by_step,ended_by_p99_ms,ended_by_reason,knee_invalid,knee_invalid_steps,knee_loader_peak_percent,loader_guard_waived,knee_series,pg_shared_buffers,pg_effective_cache_size,pg_max_connections,pg_huge_pages,pg_huge_pages_status,pg_database_bytes,pg_shmem_thp,pg_shmem_enabled_after_warmup,pg_shmem_huge_share_after_warmup,pg_shmem_huge_share_after_ladder
2026-09-04,early-lab,2026-09-04,inference,arm-tuned,arm,tuned,,m9g.4xlarge,inference,arm-tuned,1,14.9,1,True,False,,,,,,,1,1,1,tok_s,tok/s,114.65025984484784,114.65025984484784,114.65025984484784,114.65025984484784,valid runs,5433.160865979981,0.8957051550378737,,,,,,0,0,,,,,,,,,,,,,,,,,,,,,,,,,
2026-09-04,early-lab,2026-09-04,java,arm-tuned,arm,tuned,,m9g.4xlarge,java,arm-tuned,1,21.3,1,True,True,,,,,,,1,1,0,run_knee,rps,40000,40000,40000,,coarse knee.json (no valid run_knee),,,,,,,,38,0,run-1: dropped_iterations count 7547 > 0,rps,40000,rps,40000,2.5,,,,,,,60,,"[[20000, 0.6230170700000001], [25000, 0.7930930500000001], [30000, 0.9237036000000006], [35000, 1.1304880899999785], [40000, 1.5554156800000016], [45000, 2.616932219999987]]",,,,,,,,,,
2026-09-04,early-lab,2026-09-04,java,x86-tuned,x86,tuned,,m8i.4xlarge,java,x86-tuned,1,20.6,1,True,True,,,,,,,1,1,0,run_knee,rps,25000,25000,25000,,coarse knee.json (no valid run_knee),,,,,,,,55,0,run-1: dropped_iterations count 5161 > 0,rps,25000,rps,25000,2.5,,,,,,,62,,"[[20000, 0.88272297], [25000, 1.1834132600000002], [30000, 3.9102520500000013], [35000, 7.480205580000001], [40000, 11.54010358], [45000, 16.991238180000003]]",,,,,,,,,,
2026-09-04,early-lab,2026-09-04,mongo,arm-stock,arm,stock,,m9g.4xlarge,mongo,arm-stock,1,13.7,1,True,True,"knee not usable: ladder_never_crossed: the top step (128 threads) still met the SLO; raise the top of the ladder (--rate-max, or --threads for mongo) and run the cell again. raise the VU budget (--env PREALLOC_VUS=... --env MAX_VUS=...) or give the loader node group a bigger instance, then run the cell again",,,,,,0,0,0,fixed_ops,ops/s,,,,,,,,,,,,,,0,,threads,169743.5,ops/s,128,5,,,,,"ladder_never_crossed: the top step (128 threads) still met the SLO; raise the top of the ladder (--rate-max, or --threads for mongo) and run the cell again",,61,,"[[16, 0.481], [32, 0.716], [64, 1.52], [128, 3.223]]",,,,,,,,,,
2026-09-04,early-lab,2026-09-04,net,arm-tuned,arm,tuned,,m9g.4xlarge,net,arm-tuned,2,7.4,1,True,False,,,,,,,1,1,1,gbps_fwd,Gbps,16.857829039500647,16.857829039500647,16.857829039500647,16.857829039500647,valid runs,,,,16.889160905825904,,,,0,0,,,,,,,,,,,,,,,,,,,,,,,,,
2026-09-24-cal-go-arm,calibration,2026-09-24,go,arm-stock,arm,stock,,m9g.4xlarge,go,arm-stock,1,25.5,0,True,True,,,,,,,0,0,0,run_knee,rps,35000,35000,35000,,coarse knee.json (no valid run_knee),,,,,,,,,0,,rps,35000,rps,35000,20,crossing,40000,578.5992853600002,p99 578.60 ms > SLO 20 ms,,,25,,"[[5000, 1.01567599], [10000, 1.05913014], [15000, 0.9570431400000001], [20000, 1.129644], [25000, 1.66789901], [30000, 2.1335871], [35000, 4.949083620000007], [40000, 578.5992853600002], [45000, 509.66922628000003], [50000, 521.5464604900001], [55000, 517.0974121900003], [60000, 515.93393108], [65000, 513.3369850399996], [70000, 522.6089370800001], [75000, 514.6817508499998], [80000, 511.70788810999994], [85000, 514.9798295999998], [90000, 509.6043201999998], [95000, 511.299256599999], [100000, 515.2529556800017]]",,,,,,,,,,
2026-09-24-cal-go-x86,calibration,2026-09-24,go,x86-stock,x86,stock,,m8i.4xlarge,go,x86-stock,1,25.2,0,True,True,,,,,,,0,0,0,run_knee,rps,20000,20000,20000,,coarse knee.json (no valid run_knee),,,,,,,,,0,,rps,20000,rps,20000,20,crossing,25000,2429.115098800013,"p99 2429.12 ms > SLO 20 ms; delivered 1168841 requests, expected >= 1306250",,"{""25000"": ""delivered 1168841 requests, expected >= 1306250""}",15,,"[[5000, 1.2544672200000002], [10000, 1.3557561600000012], [15000, 2.556898], [20000, 7.238686200000001], [25000, 2429.115098800013], [30000, 2162.5757372900007], [35000, 1622.4893862000013], [40000, 1909.579340610003], [45000, 1869.5177666499992], [50000, 1796.1434710100018], [55000, 2043.1048035399992], [60000, 2286.2439689599973], [65000, 1788.7814692400002], [70000, 1829.5717455600004], [75000, 1812.468654939997], [80000, 1891.6047103299923], [85000, 1762.8611803199988], [90000, 1942.3381777199986], [95000, 1904.8553272800013], [100000, 1990.6544646]]",,,,,,,,,,
2026-09-24-cal-j-arm-h10,calibration,2026-09-24,java,arm-tuned,arm,tuned,,m9g.4xlarge,java,arm-tuned,1,20.1,0,True,True,,,,,,,0,0,0,run_knee,rps,80000,80000,80000,,coarse knee.json (no valid run_knee),,,,,,,,,0,,rps,80000,rps,80000,10,crossing,90000,15.729903249999996,p99 15.73 ms > SLO 10 ms,,,50,,"[[10000, 0.7523390400000001], [20000, 0.7641613100000003], [30000, 0.7934909699999999], [40000, 0.8245380499999989], [50000, 1.5395759999999739], [60000, 4.748392559999993], [70000, 6.312463279999999], [80000, 9.467965500000004], [90000, 15.729903249999996], [100000, 22.25187439999998], [110000, 72.43893470000013], [120000, 136.5158226699999]]",,,,,,,,,,
2026-09-24-cal-j-arm-h32,calibration,2026-09-24,java,arm-tuned,arm,tuned,,m9g.4xlarge,java,arm-tuned,1,20.1,0,True,True,,,,"{""SPRING_DATASOURCE_HIKARI_MAXIMUMPOOLSIZE"": ""32""}",,,0,0,0,run_knee,rps,70000,70000,70000,,coarse knee.json (no valid run_knee),,,,,,,,,0,,rps,70000,rps,70000,10,crossing,80000,10.089574229999998,p99 10.09 ms > SLO 10 ms,,,47,,"[[10000, 0.6971860400000001], [20000, 0.706007], [30000, 0.7299961200000001], [40000, 0.7649110800000001], [50000, 1.6868542999999876], [60000, 4.8795659899999935], [70000, 6.343561], [80000, 10.089574229999998], [90000, 18.55677416], [100000, 50.53017427000001], [110000, 119.51053839999987], [120000, 176.94006572000464]]",,,,,,,,,,
2026-09-24-cal-j-arm-tiered,calibration,2026-09-24,java,arm-tuned,arm,tuned,,m9g.4xlarge,java,arm-tuned,1,20.3,0,True,True,,,,"{""JAVA_TOOL_OPTIONS"": ""-Xms24g -Xmx24g -XX:+UseTransparentHugePages""}",,,0,0,0,run_knee,rps,70000,70000,70000,,coarse knee.json (no valid run_knee),,,,,,,,,0,,rps,70000,rps,70000,10,crossing,80000,10.712782279999983,p99 10.71 ms > SLO 10 ms,,,45,,"[[10000, 0.6730528899999999], [20000, 0.7010671400000001], [30000, 0.72754008], [40000, 0.75266], [50000, 2.0164799599999785], [60000, 5.430267329999997], [70000, 6.9585660999999925], [80000, 10.712782279999983], [90000, 16.293897640000022], [100000, 22.226818199999983], [110000, 129.7713245], [120000, 265.6005399199999]]",,,,,,,,,,
2026-09-24-cal-j-x86-h10,calibration,2026-09-24,java,x86-tuned,x86,tuned,,m8i.4xlarge,java,x86-tuned,1,20.1,0,True,True,,,,,,,0,0,0,run_knee,rps,40000,40000,40000,,coarse knee.json (no valid run_knee),,,,,,,,,0,,rps,40000,rps,40000,10,crossing,50000,10.100032999999781,p99 10.10 ms > SLO 10 ms,,,27,,"[[10000, 0.7401381800000001], [20000, 0.77165501], [30000, 0.86002803], [40000, 3.866313149999992], [50000, 10.100032999999781], [60000, 193.28358287999922], [70000, 331.8724876200006], [80000, 501.82208667998594], [90000, 664.9528242499999], [100000, 578.2230259100044], [110000, 582.6238797600046], [120000, 588.7808063999976]]",,,,,,,,,,
2026-09-24-cal-j-x86-tiered,calibration,2026-09-24,java,x86-tuned,x86,tuned,,m8i.4xlarge,java,x86-tuned,1,20.4,0,True,True,"knee not usable: loader node CPU 98% > 70% during the knee, through step 60000. raise the VU budget (--env PREALLOC_VUS=... --env MAX_VUS=...) or give the loader node group a bigger instance, then run the cell again",,,"{""JAVA_TOOL_OPTIONS"": ""-Xms24g -Xmx24g -XX:+UseTransparentHugePages""}",,,0,0,0,run_knee,rps,,,,,,,,,,,,,,0,,rps,50000,rps,50000,10,crossing,60000,197.98646295999794,"p99 197.99 ms > SLO 10 ms; delivered 2115988 requests, expected >= 3135000; http_req_failed rate 0.077 >= 0.01","loader node CPU 98% > 70% during the knee, through step 60000","{""60000"": ""delivered 2115988 requests, expected >= 3135000; http_req_failed rate 0.077 >= 0.01""}",98,,"[[10000, 0.784026], [20000, 0.8189920300000001], [30000, 0.9682065800000006], [40000, 3.690701], [50000, 6.249475760000001], [60000, 197.98646295999794], [70000, 315.5704403000037], [80000, 462.18928952000005], [90000, 726.6437613600057], [100000, 791.8490866199959], [110000, 723.1606937299769], [120000, 632.653197]]",,,,,,,,,,
2026-09-24-cal-llama-arm,calibration,2026-09-24,inference,arm-tuned,arm,tuned,,m9g.4xlarge,inference,arm-tuned,1,13.7,1,True,False,,,,,,,1,1,1,tok_s,tok/s,108.77968855527837,108.77968855527837,108.77968855527837,108.77968855527837,valid runs,5250.59250106,0.8498413168381121,,,,,,0,0,,,,,,,,,,,,,,,,,,,,,,,,,
2026-09-24-cal-llama-kleidiai,calibration,2026-09-24,inference,arm-tuned-kleidiai,arm,tuned-kleidiai,,m9g.4xlarge,inference,arm-tuned-kleidiai,1,17.9,1,True,False,,,,,16,system_info: n_threads = 16 (n_threads_batch = 16) / 16 | CPU : NEON = 1 | ARM_FMA = 1 | FP16_VA = 1 | MATMUL_INT8 = 1 | SVE = 1 | DOTPROD = 1 | SVE_CNT = 16 | OPENMP = 1 | KLEIDIAI = 1 | REPACK = 1 |,1,1,1,tok_s,tok/s,105.20038975408184,105.20038975408184,105.20038975408184,105.20038975408184,valid runs,5449.592991699999,0.8218780449537646,,,,,,0,0,,,,,,,,,,,,,,,,,,,,,,,,,
2026-09-24-cal-llama-x86,calibration,2026-09-24,inference,x86-tuned,x86,tuned,,m8i.4xlarge,inference,x86-tuned,1,14.4,1,True,False,,,,,8,system_info: n_threads = 8 (n_threads_batch = 8) / 16 | CPU : SSE3 = 1 | SSSE3 = 1 | AVX = 1 | AVX2 = 1 | F16C = 1 | FMA = 1 | BMI2 = 1 | AVX512 = 1 | AVX512_VBMI = 1 | AVX512_VNNI = 1 | AVX512_BF16 = 1 | AMX_INT8 = 1 | LLAMAFILE = 1 | OPENMP = 1 | REPACK = 1 |,1,1,1,tok_s,tok/s,40.62557338770079,40.62557338770079,40.62557338770079,40.62557338770079,valid runs,13418.09921325,0.3173872920914124,,,,,,0,0,,,,,,,,,,,,,,,,,,,,,,,,,
2026-09-24-cal-llama-x86t15,calibration,2026-09-24,inference,x86-t15,x86,t15,,m8i.4xlarge,inference,x86-t15,1,14.7,1,True,False,,,,,8,system_info: n_threads = 8 (n_threads_batch = 8) / 16 | CPU : SSE3 = 1 | SSSE3 = 1 | AVX = 1 | AVX2 = 1 | F16C = 1 | FMA = 1 | BMI2 = 1 | AVX512 = 1 | AVX512_VBMI = 1 | AVX512_VNNI = 1 | AVX512_BF16 = 1 | AMX_INT8 = 1 | LLAMAFILE = 1 | OPENMP = 1 | REPACK = 1 |,1,1,1,tok_s,tok/s,57.50568143647735,57.50568143647735,57.50568143647735,57.50568143647735,valid runs,9589.41544967,0.4492631362224792,,,,,,0,0,,,,,,,,,,,,,,,,,,,,,,,,,
2026-09-24-cal-mongo-arm,calibration,2026-09-24,mongo,arm-stock,arm,stock,,m9g.4xlarge,mongo,arm-stock,1,20.4,0,True,True,,,,,,,0,0,0,fixed_ops,ops/s,,,,,,,,,,,,,,0,,threads,202640.7,ops/s,128,5,crossing,256,15.743,p99 15.74 ms > SLO 5 ms,,,56,,"[[16, 0.563], [32, 0.745], [64, 1.32], [128, 2.945], [256, 15.743], [512, 19.615]]",,,,,,,,,,
2026-09-24-cal-mongo-tickets,calibration,2026-09-24,mongo,arm-stock,arm,stock,,m9g.4xlarge,mongo,arm-stock,1,18.7,0,True,True,,,,,,,0,0,0,fixed_ops,ops/s,,,,,,,,,,,,,,0,,threads,200566.3,ops/s,128,5,crossing,256,5.147,p99 5.15 ms > SLO 5 ms,,,56,,"[[16, 0.56], [32, 0.771], [64, 1.31], [128, 2.877], [256, 5.147], [512, 12.367]]",,,,,,,,,,
2026-09-24-cal-net-arm,calibration,2026-09-24,net,arm-tuned,arm,tuned,,m9g.4xlarge,net,arm-tuned,2,7.8,1,True,False,,,,,,,1,1,1,gbps_fwd,Gbps,16.88908600476425,16.88908600476425,16.88908600476425,16.88908600476425,valid runs,,,,16.888776434508067,0.056782232012405835,0.028894929238502554,,0,0,,,,,,,,,,,,,,,,,,,,,,,,,
2026-09-25-cal-go-amd,calibration,2026-09-25,go,amd-stock,amd,stock,,m8a.4xlarge,go,amd-stock,1,25.6,0,True,True,,,,,,,0,0,0,run_knee,rps,30000,30000,30000,,coarse knee.json (no valid run_knee),,,,,,,,,0,,rps,30000,rps,30000,20,crossing,35000,679.4814894399999,"p99 679.48 ms > SLO 20 ms; delivered 1750289 requests, expected >= 1828750",,"{""35000"": ""delivered 1750289 requests, expected >= 1828750""}",18,SUT CPU saturated at the crossing: the loader reacted to it,"[[5000, 1.1295678000000025], [10000, 1.3246376600000007], [15000, 1.5912212400000012], [20000, 2.1932490099999984], [25000, 3.4360789300000016], [30000, 6.622272480000017], [35000, 679.4814894399999], [40000, 619.7473409500001], [45000, 634.6503381299997], [50000, 618.1498290899999], [55000, 618.76796436], [60000, 628.9885626999999], [65000, 638.8720651499999], [70000, 623.2098249600002], [75000, 629.02951403], [80000, 615.5926616500003], [85000, 619.82566004], [90000, 636.03988114], [95000, 631.4688663599995], [100000, 622.72823555]]",,,,,,,,,,
2026-09-25-cal-j-amd-cmp333,calibration,2026-09-25,java,amd-tuned,amd,tuned,,m8a.4xlarge,java,amd-tuned,1,20.8,0,True,True,,,,"{""JAVA_TOOL_OPTIONS"": ""-Xms24g -Xmx24g -XX:+UseTransparentHugePages -XX:-TieredCompilation -XX:ReservedCodeCacheSize=64M -XX:InitialCodeCacheSize=64M""}",,,0,0,0,run_knee,rps,90000,90000,90000,,coarse knee.json (no valid run_knee),,,,,,,,,0,,rps,90000,rps,90000,10,crossing,100000,40.88856818,p99 40.89 ms > SLO 10 ms,,,62,,"[[10000, 0.654963], [20000, 0.6923051700000001], [30000, 0.7451505900000005], [40000, 0.8750951], [50000, 1.640872780000001], [60000, 2.668877860000004], [70000, 3.3411806199999976], [80000, 4.369478029999997], [90000, 7.00436018], [100000, 40.88856818], [110000, 143.44515655999984], [120000, 139.85427329000012]]",,,,,,,,,,
2026-09-25-cal-j-amd-tuned,calibration,2026-09-25,java,amd-tuned,amd,tuned,,m8a.4xlarge,java,amd-tuned,1,23.3,0,True,True,,,,,,,0,0,0,run_knee,rps,90000,90000,90000,,coarse knee.json (no valid run_knee),,,,,,,,,0,,rps,90000,rps,90000,10,crossing,100000,28.846002879999993,p99 28.85 ms > SLO 10 ms,,,62,,"[[10000, 0.695867], [20000, 0.7072073400000003], [30000, 0.7823961400000001], [40000, 0.9869630400000001], [50000, 1.7604083600000002], [60000, 3.164036], [70000, 3.4991780000000037], [80000, 5.09964576], [90000, 8.982159959999994], [100000, 28.846002879999993], [110000, 126.79742561999929], [120000, 145.56156056000017]]",,,,,,,,,,
2026-09-25-cal-llama-amd,calibration,2026-09-25,inference,amd-tuned,amd,tuned,,m8a.4xlarge,inference,amd-tuned,1,15.3,1,True,False,,,,,16,system_info: n_threads = 16 (n_threads_batch = 16) / 16 | CPU : SSE3 = 1 | SSSE3 = 1 | AVX = 1 | AVX2 = 1 | F16C = 1 | FMA = 1 | BMI2 = 1 | AVX512 = 1 | AVX512_VBMI = 1 | AVX512_VNNI = 1 | AVX512_BF16 = 1 | LLAMAFILE = 1 | OPENMP = 1 | REPACK = 1 |,1,1,1,tok_s,tok/s,78.09828175052361,78.09828175052361,78.09828175052361,78.09828175052361,valid runs,6690.7846276499995,0.6101428261759657,,,,,,0,0,,,,,,,,,,,,,,,,,,,,,,,,,
2026-09-25-cal-pg-amd,calibration,2026-09-25,postgres,amd-stock,amd,stock,,m8a.4xlarge,postgres,amd-stock,1,14.6,0,True,True,,,,,,,0,0,0,fixed_ops,tps,,,,,,,,,,,,,,0,,clients,498689.7,tps,256,5,throughput_drop,512,3.537,430321 ops/s < 95% of 498690 at step 256,,,14,SUT CPU saturated at the step that ended the walk: the loader reacted to it,"[[16, 0.286], [32, 0.295], [64, 0.346], [128, 0.538], [256, 1.295], [512, 3.537]]",128MB,4GB,600,try,off,15688160959,,,,
2026-09-25-cal-pg-amd,calibration,2026-09-25,postgres,amd-tuned,amd,tuned,,m8a.4xlarge,postgres,amd-tuned,1,15.2,0,True,True,,,,,,,0,0,0,fixed_ops,tps,,,,,,,,,,,,,,0,,clients,525594.7,tps,256,5,throughput_drop,512,2.741,451072 ops/s < 95% of 525595 at step 256,,,15,SUT CPU saturated at the step that ended the walk: the loader reacted to it,"[[16, 0.293], [32, 0.371], [64, 0.478], [128, 0.484], [256, 0.999], [512, 2.741]]",16GB,48GB,600,try,off,15688160959,,,,
2026-09-25-cal-pg-arm,calibration,2026-09-25,postgres,arm-stock,arm,stock,,m9g.4xlarge,postgres,arm-stock,1,23.1,0,True,True,,,,,,,0,0,0,fixed_ops,tps,,,,,,,,,,,,,,0,,clients,289598.6,tps,256,5,crossing,512,5.5,p99 5.50 ms > SLO 5 ms,,,8,SUT CPU saturated at the crossing: the loader reacted to it,"[[16, 0.394], [32, 0.524], [64, 0.537], [128, 0.741], [256, 1.91], [512, 5.5]]",128MB,4GB,600,try,off,15688160959,,,,
2026-09-25-cal-pg-arm,calibration,2026-09-25,postgres,arm-tuned,arm,tuned,,m9g.4xlarge,postgres,arm-tuned,1,14.9,0,True,True,,,,,,,0,0,0,fixed_ops,tps,,,,,,,,,,,,,,0,,clients,302868.2,tps,128,5,throughput_drop,512,3.578,282135 ops/s < 95% of 302868 at step 128,,,9,SUT CPU saturated at the step that ended the walk: the loader reacted to it,"[[16, 0.472], [32, 0.458], [64, 0.515], [128, 0.681], [256, 1.729], [512, 3.578]]",16GB,48GB,600,try,off,15688160959,,,,
2026-09-25-cal-pg-x86,calibration,2026-09-25,postgres,x86-stock,x86,stock,,m8i.4xlarge,postgres,x86-stock,1,14.8,0,True,True,,,,,,,0,0,0,fixed_ops,tps,,,,,,,,,,,,,,0,,clients,273795.9,tps,128,5,crossing,512,5.66,p99 5.66 ms > SLO 5 ms,,,8,SUT CPU saturated at the step that ended the walk: the loader reacted to it,"[[16, 0.492], [32, 0.552], [64, 0.554], [128, 1.024], [256, 2.266], [512, 5.66]]",128MB,4GB,600,try,off,15688160959,,,,
2026-09-25-cal-pg-x86,calibration,2026-09-25,postgres,x86-tuned,x86,tuned,,m8i.4xlarge,postgres,x86-tuned,1,14.3,0,True,True,,,,,,,0,0,0,fixed_ops,tps,,,,,,,,,,,,,,0,,clients,299797.9,tps,128,5,throughput_drop,256,1.913,280799 ops/s < 95% of 299798 at step 128,,,9,SUT CPU saturated at the step that ended the walk: the loader reacted to it,"[[16, 0.466], [32, 0.518], [64, 0.544], [128, 0.728], [256, 1.913]]",16GB,48GB,600,try,off,15688177343,,,,
2026-09-25-task7-d1,task7-d1,2026-09-25,go,amd-stock,amd,stock,,m8a.4xlarge,go,amd-stock,1,63.5,3,True,True,,,,,,,3,3,3,run_knee,rps,28000,26000,28000,28000,valid runs,4.042437009999998,22386.16205351522,,,,,,8,0,,rps,25000,rps,25000,20,crossing,30000,1271.6713156099993,"p99 1271.67 ms > SLO 20 ms; delivered 1562327 requests, expected >= 1567500",,"{""30000"": ""delivered 1562327 requests, expected >= 1567500""}",13,SUT CPU saturated at the step that ended the walk: the loader reacted to it,"[[5000, 1.1133574300000013], [10000, 1.426465360000005], [15000, 2.113982960000001], [20000, 4.034282130000004], [25000, 12.796790900000012], [30000, 1271.6713156099993], [35000, 636.4577044199999], [40000, 637.94819474], [45000, 628.4713116999999], [50000, 650.6515153600001], [55000, 630.3696727399991], [60000, 625.8140781200001], [65000, 619.27243822], [70000, 627.0876789199996], [75000, 657.1120681499991], [80000, 640.0177360000004], [85000, 666.4077873999998], [90000, 635.6698080400001], [95000, 629.3110239], [100000, 628.11941942]]",,,,,,,,,,
2026-09-25-task7-d1,task7-d1,2026-09-25,go,arm-stock,arm,stock,,m9g.4xlarge,go,arm-stock,1,62.9,3,True,True,,,,,,,3,3,3,run_knee,rps,36000,35000,36000,36000,valid runs,2.9149934000000246,28783.078562507508,,,,,,9,0,,rps,35000,rps,35000,20,crossing,40000,451.52291976000015,p99 451.52 ms > SLO 20 ms,,,10,SUT CPU saturated at the step that ended the walk: the loader reacted to it,"[[5000, 1.0410551799999999], [10000, 1.1068545000000023], [15000, 1.2329984000000032], [20000, 1.397731], [25000, 1.81219], [30000, 2.357534], [35000, 4.608920450000001], [40000, 451.52291976000015], [45000, 530.1062798000002], [50000, 537.9373756199997], [55000, 517.23304312], [60000, 509.67844331999993], [65000, 518.29527312], [70000, 539.01597966], [75000, 541.2287608800001], [80000, 550.4736733000003], [85000, 529.6367713999979], [90000, 524.0196953899994], [95000, 580.6661839599993], [100000, 522.3309436799998]]",,,,,,,,,,
2026-09-25-task7-d1,task7-d1,2026-09-25,go,x86-stock,x86,stock,,m8i.4xlarge,go,x86-stock,1,63.0,3,True,True,,,,,,,3,3,3,run_knee,rps,20000,20000,20000,20000,valid runs,3.226171399999998,15992.554550743625,,,,,,9,0,,rps,20000,rps,20000,20,crossing,25000,2431.9204261599816,"p99 2431.92 ms > SLO 20 ms; delivered 1177853 requests, expected >= 1306250",,"{""25000"": ""delivered 1177853 requests, expected >= 1306250""}",8,SUT CPU saturated at the step that ended the walk: the loader reacted to it,"[[5000, 1.3051865799999993], [10000, 1.525361079999993], [15000, 2.5804240999999988], [20000, 7.596538], [25000, 2431.9204261599816], [30000, 948.4914318000001], [35000, 932.1169579799999], [40000, 949.3816943600003], [45000, 948.5353820700002], [50000, 929.0047705799994], [55000, 941.2513969200004], [60000, 951.7676635299996], [65000, 936.8696126700002], [70000, 933.3454890500001], [75000, 922.14914016], [80000, 942.6964812599998], [85000, 928.8582751599996], [90000, 945.6111257999975], [95000, 964.2401568400004], [100000, 958.923101779999]]",,,,,,,,,,
2026-09-25-task7-d1,task7-d1,2026-09-25,java,amd-stock,amd,stock,,m8a.4xlarge,java,amd-stock,1,59.0,3,True,True,,,,,,,3,3,3,run_knee,rps,88000,88000,88000,88000,valid runs,4.0023338100000005,70336.14532394265,,,,,,24,1,,rps,80000,rps,80000,10,crossing,90000,12.618880039999999,p99 12.62 ms > SLO 10 ms,,,29,,"[[10000, 0.872958160000001], [20000, 1.1287735200000024], [30000, 1.2736724000000013], [40000, 1.3973906400000016], [50000, 2.0384546000000006], [60000, 3.008581350000001], [70000, 3.686408900000001], [80000, 5.482016249999988], [90000, 12.618880039999999], [100000, 145.63411210000083], [110000, 161.82158640000026], [120000, 158.4204435]]",,,,,,,,,,
2026-09-25-task7-d1,task7-d1,2026-09-25,java,amd-tuned,amd,tuned,,m8a.4xlarge,java,amd-tuned,1,58.6,3,True,True,,,,,,,3,3,3,run_knee,rps,90000,90000,90000,90000,valid runs,3.7451197999999932,71936.07730696605,,,,,,23,0,,rps,90000,rps,90000,10,crossing,100000,47.06298038000001,p99 47.06 ms > SLO 10 ms,,,32,,"[[10000, 0.85536], [20000, 1.2007836299999997], [30000, 1.300957], [40000, 1.4573391999999992], [50000, 2.076739], [60000, 3.3520291600000007], [70000, 3.55557812], [80000, 4.545440399999997], [90000, 7.143562760000005], [100000, 47.06298038000001], [110000, 147.1218306799999], [120000, 144.9594930000004]]",,,,,,,,,,
2026-09-25-task7-d1,task7-d1,2026-09-25,java,amd-tuned-vthreads,amd,tuned-vthreads,,m8a.4xlarge,java,amd-tuned-vthreads,1,58.6,3,True,True,,,,,,,3,3,3,run_knee,rps,108000,108000,108000,108000,valid runs,3.004394,86296.58957613664,,,,,,27,3,,rps,100000,rps,100000,10,crossing,110000,12.058293699999968,p99 12.06 ms > SLO 10 ms,,,26,SUT CPU saturated at the step that ended the walk: the loader reacted to it,"[[10000, 0.74418302], [20000, 1.0430008100000034], [30000, 1.1130792200000001], [40000, 1.1569774800000032], [50000, 1.2864942000000001], [60000, 1.2781164400000005], [70000, 1.68002103], [80000, 2.4577735], [90000, 3.1488376400000124], [100000, 4.8366101999999955], [110000, 12.058293699999968], [120000, 393.43586875999836]]",,,,,,,,,,
2026-09-25-task7-d1,task7-d1,2026-09-25,java,arm-stock,arm,stock,,m9g.4xlarge,java,arm-stock,1,58.2,3,True,True,,,,,,,3,3,3,run_knee,rps,80000,80000,82000,80000,valid runs,5.743294689999984,63961.75800123278,,,,,,22,0,,rps,80000,rps,80000,10,crossing,90000,14.692697299999994,p99 14.69 ms > SLO 10 ms,,,21,SUT CPU saturated at the step that ended the walk: the loader reacted to it,"[[10000, 0.8867969000000054], [20000, 1.2645597000000006], [30000, 1.4352753400000051], [40000, 1.5700053800000051], [50000, 3.56228404], [60000, 5.650340479999996], [70000, 6.109335650000004], [80000, 8.902336449999996], [90000, 14.692697299999994], [100000, 127.00048211999973], [110000, 165.17806157999973], [120000, 158.93191411999982]]",,,,,,,,,,
2026-09-25-task7-d1,task7-d1,2026-09-25,java,arm-tuned,arm,tuned,,m9g.4xlarge,java,arm-tuned,1,58.0,3,True,True,,,,,,,3,3,3,run_knee,rps,86000,80000,86000,86000,valid runs,5.771280029999999,68734.50135884294,,,,,,21,0,,rps,80000,rps,80000,10,crossing,90000,10.92456209,p99 10.92 ms > SLO 10 ms,,,21,,"[[10000, 0.8780845300000004], [20000, 1.1346963], [30000, 1.317948], [40000, 1.39819], [50000, 1.8580886300000006], [60000, 4.714766940000002], [70000, 5.961486100000002], [80000, 7.02058352], [90000, 10.92456209], [100000, 19.467994539999996], [110000, 130.82236751999986], [120000, 145.09294580000002]]",,,,,,,,,,
2026-09-25-task7-d1,task7-d1,2026-09-25,java,arm-tuned-vthreads,arm,tuned-vthreads,,m9g.4xlarge,java,arm-tuned-vthreads,1,57.7,3,True,True,,,,,,,3,3,3,run_knee,rps,108000,108000,110000,108000,valid runs,3.4423514599999936,86298.07116414994,,,,,,27,3,,rps,100000,rps,100000,10,crossing,110000,11.47211905,p99 11.47 ms > SLO 10 ms,,,24,SUT CPU saturated at the step that ended the walk: the loader reacted to it,"[[10000, 0.88084205], [20000, 1.2030295000000004], [30000, 1.2455240000000054], [40000, 1.2504023000000013], [50000, 1.283753], [60000, 1.2708023000000002], [70000, 1.530922], [80000, 2.2050456900000013], [90000, 3.159637920000001], [100000, 5.144945319999987], [110000, 11.47211905], [120000, 1227.1554605599997]]",,,,,,,,,,
2026-09-25-task7-d1,task7-d1,2026-09-25,java,x86-smtoff,x86,smtoff,,m8i.4xlarge,java,x86-smtoff,1,57.6,3,True,True,,,,,,,3,3,3,run_knee,rps,30000,30000,30000,30000,valid runs,5.476723200000001,23987.415084385088,,,,,,10,0,,rps,30000,rps,30000,10,crossing,40000,462.0930758799977,"p99 462.09 ms > SLO 10 ms; delivered 1960270 requests, expected >= 2090000; http_req_failed rate 0.019 >= 0.01",,"{""40000"": ""delivered 1960270 requests, expected >= 2090000; http_req_failed rate 0.019 >= 0.01""}",12,SUT CPU saturated at the step that ended the walk: the loader reacted to it,"[[10000, 1.022048640000007], [20000, 3.3829917100000015], [30000, 8.148261200000002], [40000, 462.0930758799977], [50000, 470.43557324000034], [60000, 461.7900711000036], [70000, 477.07915225999983], [80000, 451.14662675], [90000, 482.5807032000009], [100000, 457.91363815999654], [110000, 449.18330159000016], [120000, 466.431092329999]]",,,,,,,,,,
2026-09-25-task7-d1,task7-d1,2026-09-25,java,x86-stock,x86,stock,,m8i.4xlarge,java,x86-stock,1,58.4,3,True,True,,,,,,,3,3,3,run_knee,rps,46000,44000,48000,46000,valid runs,4.357907280000001,36775.21832980398,,,,,,14,0,,rps,40000,rps,40000,10,crossing,50000,253.0154304699999,p99 253.02 ms > SLO 10 ms; http_req_failed rate 0.011 >= 0.01,,"{""50000"": ""http_req_failed rate 0.011 >= 0.01""}",14,SUT CPU saturated at the step that ended the walk: the loader reacted to it,"[[10000, 1.0134343300000002], [20000, 1.432425], [30000, 2.736615], [40000, 5.243340319999999], [50000, 253.0154304699999], [60000, 310.00877572000013], [70000, 307.8357663599998], [80000, 318.9296651000005], [90000, 316.95290123999985], [100000, 319.1515919999993], [110000, 318.67144228999996], [120000, 320.85691392]]",,,,,,,,,,
2026-09-25-task7-d1,task7-d1,2026-09-25,java,x86-tuned,x86,tuned,,m8i.4xlarge,java,x86-tuned,1,59.0,3,True,True,,,,,,,3,3,3,run_knee,rps,54000,54000,54000,54000,valid runs,4.5145265199999995,43169.907135870075,,,,,,15,0,,rps,50000,rps,50000,10,crossing,60000,254.15646405999968,"p99 254.16 ms > SLO 10 ms; delivered 3064564 requests, expected >= 3135000; http_req_failed rate 0.012 >= 0.01",,"{""60000"": ""delivered 3064564 requests, expected >= 3135000; http_req_failed rate 0.012 >= 0.01""}",17,SUT CPU saturated at the step that ended the walk: the loader reacted to it,"[[10000, 0.929894], [20000, 1.385054200000002], [30000, 1.7370262999999986], [40000, 4.03731608], [50000, 6.139295129999998], [60000, 254.15646405999968], [70000, 269.59490980000095], [80000, 277.28057691999965], [90000, 281.1885563999997], [100000, 277.8347495199996], [110000, 281.5358794399993], [120000, 281.10905725]]",,,,,,,,,,
2026-09-25-task7-d1,task7-d1,2026-09-25,java,x86-tuned-vthreads,x86,tuned-vthreads,,m8i.4xlarge,java,x86-tuned-vthreads,1,59.1,3,True,True,,,,,,,3,3,3,run_knee,rps,56000,56000,56000,56000,valid runs,2.657687,44771.730495637836,,,,,,17,0,,rps,50000,rps,50000,10,crossing,60000,1488.34960382,"p99 1488.35 ms > SLO 10 ms; delivered 3115431 requests, expected >= 3135000; http_req_failed rate 0.010 >= 0.01",,"{""60000"": ""delivered 3115431 requests, expected >= 3135000; http_req_failed rate 0.010 >= 0.01""}",21,SUT CPU saturated at the step that ended the walk: the loader reacted to it,"[[10000, 0.965265], [20000, 1.4154545000000043], [30000, 1.8468144100000041], [40000, 2.44799911], [50000, 3.67181733], [60000, 1488.34960382], [70000, 1473.8381876400015], [80000, 1645.0862126800016], [90000, 1504.4405053800097], [100000, 1043.9173265199995], [110000, 894.5403729800003], [120000, 641.4050307099996]]",,,,,,,,,,
2026-09-26-ab-pg-clients,ab-test,2026-09-26,postgres,arm-stock,arm,stock,,m9g.4xlarge,postgres,arm-stock,1,31.8,2,True,True,,,,,,,2,2,2,fixed_ops,tps,230578.40000000002,230566.7,230590.1,230578.40000000002,valid runs,1.4165,,230578.40000000002,,,,1428.477,8,0,,clients,288243.1,tps,256,5,crossing,512,5.473,p99 5.47 ms > SLO 5 ms,,,8,SUT CPU saturated at the step that ended the walk: the loader reacted to it,"[[16, 0.46], [32, 0.572], [64, 0.581], [128, 0.749], [256, 1.949], [512, 5.473]]",128MB,4GB,600,try,off,15688201919,False,never,0.0,0.0
2026-09-26-cal-pg-thp,calibration,2026-09-26,postgres,amd-tuned,amd,tuned,,m8a.4xlarge,postgres,amd-tuned,1,15.4,0,True,True,,"knee not usable: ladder_never_crossed: the top step (256 clients) still met the SLO; raise the top of the ladder (--rate-max, --threads for mongo, --clients for postgres) and run the cell again. raise the VU budget (--env PREALLOC_VUS=... --env MAX_VUS=...) or give the loader node group a bigger instance, then run the cell again","2026-09-26 b3094f3: peak at 256 inside the ladder (512 at 95.8 %), not the top step",,,,0,0,0,fixed_ops,tps,,,,,,,,,,,,,,0,,clients,590253.3,tps,256,5,,,,,,,15,,"[[16, 0.459], [32, 0.521], [64, 0.531], [128, 0.454], [256, 0.661], [512, 2.653]]",16GB,48GB,600,try,off,15688177343,True,always,0.9365,0.9373
2026-09-26-cal-pg-thp,calibration,2026-09-26,postgres,arm-tuned,arm,tuned,,m9g.4xlarge,postgres,arm-tuned,1,14.8,0,True,True,,"knee not usable: ladder_never_crossed: the top step (256 clients) still met the SLO; raise the top of the ladder (--rate-max, --threads for mongo, --clients for postgres) and run the cell again. raise the VU budget (--env PREALLOC_VUS=... --env MAX_VUS=...) or give the loader node group a bigger instance, then run the cell again","2026-09-26 b3094f3: peak at 256 inside the ladder (512 at 95.3 %), not the top step",,,,0,0,0,fixed_ops,tps,,,,,,,,,,,,,,0,,clients,337182.7,tps,256,5,,,,,,,10,,"[[16, 0.6], [32, 0.642], [64, 0.625], [128, 0.68], [256, 1.568], [512, 3.215]]",16GB,48GB,600,try,off,15688177343,True,always,0.9357,0.9373
2026-09-26-cal-pg-thp,calibration,2026-09-26,postgres,x86-tuned,x86,tuned,,m8i.4xlarge,postgres,x86-tuned,1,15.5,0,True,True,,,,,,,0,0,0,fixed_ops,tps,,,,,,,,,,,,,,0,,clients,334243.0,tps,256,5,,,,,,,10,,"[[16, 0.46], [32, 0.493], [64, 0.496], [128, 0.621], [256, 1.664], [512, 3.24]]",16GB,48GB,600,try,off,15688177343,True,always,0.9368,0.9371
2026-09-26-task7-d2,task7-d2,2026-09-26,inference,amd-stock,amd,stock,,m8a.4xlarge,inference,amd-stock,1,28.1,3,True,False,,,,,16,system_info: n_threads = 16 (n_threads_batch = 16) / 16 | CPU : SSE3 = 1 | SSSE3 = 1 | AVX = 1 | AVX2 = 1 | F16C = 1 | FMA = 1 | BMI2 = 1 | AVX512 = 1 | AVX512_VBMI = 1 | AVX512_VNNI = 1 | AVX512_BF16 = 1 | LLAMAFILE = 1 | OPENMP = 1 | REPACK = 1 |,3,3,3,tok_s,tok/s,64.15752129702167,63.91799195695724,64.19322450072204,64.15752129702167,valid runs,8066.97320782,0.5012306351329818,,,,,,0,0,,,,,,,,,,,,,,,,,,,,,,,,,
2026-09-26-task7-d2,task7-d2,2026-09-26,inference,amd-tuned,amd,tuned,,m8a.4xlarge,inference,amd-tuned,1,27.5,3,True,False,,,,,16,system_info: n_threads = 16 (n_threads_batch = 16) / 16 | CPU : SSE3 = 1 | SSSE3 = 1 | AVX = 1 | AVX2 = 1 | F16C = 1 | FMA = 1 | BMI2 = 1 | AVX512 = 1 | AVX512_VBMI = 1 | AVX512_VNNI = 1 | AVX512_BF16 = 1 | LLAMAFILE = 1 | OPENMP = 1 | REPACK = 1 |,3,3,3,tok_s,tok/s,77.48246191541791,77.02393957543556,77.73776637992997,77.48246191541791,valid runs,6638.48951437,0.6053317337142026,,,,,,0,0,,,,,,,,,,,,,,,,,,,,,,,,,
2026-09-26-task7-d2,task7-d2,2026-09-26,inference,arm-stock,arm,stock,,m9g.4xlarge,inference,arm-stock,1,26.3,3,True,False,,,,,16,system_info: n_threads = 16 (n_threads_batch = 16) / 16 | CPU : NEON = 1 | ARM_FMA = 1 | FP16_VA = 1 | MATMUL_INT8 = 1 | SVE = 1 | DOTPROD = 1 | SVE_CNT = 16 | OPENMP = 1 | REPACK = 1 |,3,3,3,tok_s,tok/s,96.26396537193375,96.15030238183562,96.292911623173,96.26396537193375,valid runs,5352.27113465,0.7520622294682324,,,,,,0,0,,,,,,,,,,,,,,,,,,,,,,,,,
2026-09-26-task7-d2,task7-d2,2026-09-26,inference,arm-tuned,arm,tuned,,m9g.4xlarge,inference,arm-tuned,1,28.3,3,True,False,,,,,16,system_info: n_threads = 16 (n_threads_batch = 16) / 16 | CPU : NEON = 1 | ARM_FMA = 1 | FP16_VA = 1 | MATMUL_INT8 = 1 | SVE = 1 | DOTPROD = 1 | SVE_CNT = 16 | OPENMP = 1 | REPACK = 1 |,3,3,3,tok_s,tok/s,100.04318631913709,94.99732767335935,101.75753900680841,100.04318631913709,valid runs,5504.75607937,0.7815873931182585,,,,,,0,0,,,,,,,,,,,,,,,,,,,,,,,,,
2026-09-26-task7-d2,task7-d2,2026-09-26,inference,x86-stock,x86,stock,,m8i.4xlarge,inference,x86-stock,1,32.9,3,True,False,,,,,8,system_info: n_threads = 8 (n_threads_batch = 8) / 16 | CPU : SSE3 = 1 | SSSE3 = 1 | AVX = 1 | AVX2 = 1 | F16C = 1 | FMA = 1 | BMI2 = 1 | AVX512 = 1 | AVX512_VBMI = 1 | AVX512_VNNI = 1 | AVX512_BF16 = 1 | AMX_INT8 = 1 | LLAMAFILE = 1 | OPENMP = 1 | REPACK = 1 |,3,3,3,tok_s,tok/s,45.31288402036558,42.94358412707679,47.267198680177316,45.31288402036558,valid runs,13655.021099360001,0.3540069064091061,,,,,,0,0,,,,,,,,,,,,,,,,,,,,,,,,,
2026-09-26-task7-d2,task7-d2,2026-09-26,inference,x86-t8,x86,t8,,m8i.4xlarge,inference,x86-t8,1,27.4,3,True,False,,,,,8,system_info: n_threads = 8 (n_threads_batch = 8) / 16 | CPU : SSE3 = 1 | SSSE3 = 1 | AVX = 1 | AVX2 = 1 | F16C = 1 | FMA = 1 | BMI2 = 1 | AVX512 = 1 | AVX512_VBMI = 1 | AVX512_VNNI = 1 | AVX512_BF16 = 1 | AMX_INT8 = 1 | LLAMAFILE = 1 | OPENMP = 1 | REPACK = 1 |,3,3,3,tok_s,tok/s,47.59804971548433,47.45160354781878,47.67211576795171,47.59804971548433,valid runs,10922.1365438,0.37185976340222127,,,,,,0,0,,,,,,,,,,,,,,,,,,,,,,,,,
2026-09-26-task7-d2,task7-d2,2026-09-26,inference,x86-tuned,x86,tuned,,m8i.4xlarge,inference,x86-tuned,1,28.4,3,True,False,,,,,8,system_info: n_threads = 8 (n_threads_batch = 8) / 16 | CPU : SSE3 = 1 | SSSE3 = 1 | AVX = 1 | AVX2 = 1 | F16C = 1 | FMA = 1 | BMI2 = 1 | AVX512 = 1 | AVX512_VBMI = 1 | AVX512_VNNI = 1 | AVX512_BF16 = 1 | AMX_INT8 = 1 | LLAMAFILE = 1 | OPENMP = 1 | REPACK = 1 |,3,3,3,tok_s,tok/s,56.30428058700683,55.8016452476494,57.12555493313299,56.30428058700683,valid runs,9292.95878727,0.43987719208599085,,,,,,0,0,,,,,,,,,,,,,,,,,,,,,,,,,
2026-09-26-task7-d2,task7-d2,2026-09-26,mongo,amd-stock,amd,stock,,m8a.4xlarge,mongo,amd-stock,1,43.3,3,True,True,,,,,,,3,3,3,fixed_ops,ops/s,147874.0,147874.0,147874.0,147874.0,valid runs,1.855,,147874.0,,,,,48,0,,threads,184842.9,ops/s,128,5,crossing,512,13.287,p99 13.29 ms > SLO 5 ms,,,53,,"[[16, 0.62], [32, 0.79], [64, 1.066], [128, 2.127], [256, 4.507], [512, 13.287]]",,,,,,,,,,
2026-09-26-task7-d2,task7-d2,2026-09-26,mongo,amd-tuned,amd,tuned,,m8a.4xlarge,mongo,amd-tuned,1,45.0,3,True,True,,,,,,,3,3,3,fixed_ops,ops/s,143626.0,143596.1,143626.0,143626.0,valid runs,4.335,,143626.0,,,,,37,0,,threads,179533.2,ops/s,256,5,crossing,512,14.407,p99 14.41 ms > SLO 5 ms,,,49,,"[[16, 0.684], [32, 0.821], [64, 1.087], [128, 2.149], [256, 4.671], [512, 14.407]]",,,,,,,,,,
2026-09-26-task7-d2,task7-d2,2026-09-26,mongo,arm-stock,arm,stock,,m9g.4xlarge,mongo,arm-stock,1,43.0,3,True,True,,,,,,,3,3,3,fixed_ops,ops/s,191846.0,191846.0,191846.0,191846.0,valid runs,3.393,,191846.0,,,,,57,0,,threads,239808.2,ops/s,256,5,crossing,512,11.615,p99 11.62 ms > SLO 5 ms,,,60,,"[[16, 0.638], [32, 0.811], [64, 1.073], [128, 2.029], [256, 4.239], [512, 11.615]]",,,,,,,,,,
2026-09-26-task7-d2,task7-d2,2026-09-26,mongo,arm-tuned,arm,tuned,,m9g.4xlarge,mongo,arm-tuned,1,43.2,3,True,True,,,,,,,3,3,3,fixed_ops,ops/s,190930.0,190930.0,190930.0,190930.0,valid runs,3.281,,190930.0,,,,,62,0,,threads,238663.5,ops/s,256,5,crossing,512,11.839,p99 11.84 ms > SLO 5 ms,,,62,,"[[16, 0.65], [32, 0.822], [64, 1.084], [128, 2.038], [256, 4.315], [512, 11.839]]",,,,,,,,,,
2026-09-26-task7-d2,task7-d2,2026-09-26,mongo,x86-stock,x86,stock,,m8i.4xlarge,mongo,x86-stock,1,44.7,3,True,True,,,,,,,3,3,3,fixed_ops,ops/s,147874.0,147874.0,147874.0,147874.0,valid runs,3.297,,147874.0,,,,,44,0,,threads,184842.9,ops/s,256,5,crossing,512,9.135,p99 9.13 ms > SLO 5 ms,,,46,SUT CPU saturated at the step that ended the walk: the loader reacted to it,"[[16, 0.657], [32, 0.851], [64, 1.109], [128, 2.083], [256, 4.039], [512, 9.135]]",,,,,,,,,,
2026-09-26-task7-d2,task7-d2,2026-09-26,mongo,x86-tuned,x86,tuned,,m8i.4xlarge,mongo,x86-tuned,1,43.8,3,True,True,,,,,,,3,3,3,fixed_ops,ops/s,150374.0,150374.0,150374.0,150374.0,valid runs,3.219,,150374.0,,,,,39,0,,threads,187969.9,ops/s,256,5,crossing,512,9.047,p99 9.05 ms > SLO 5 ms,,,46,SUT CPU saturated at the step that ended the walk: the loader reacted to it,"[[16, 0.607], [32, 0.782], [64, 1.072], [128, 2.089], [256, 4.211], [512, 9.047]]",,,,,,,,,,
2026-09-26-task7-d2,task7-d2,2026-09-26,mongo-ebs125,arm-stock,arm,stock,"EBS-bound mongo run set aside (progress.md, T7 D2)",m9g.4xlarge,mongo,arm-stock,1,57.2,3,True,True,,,,,,,3,3,0,fixed_ops,ops/s,,,,133548.5,,,,,,,,,47,0,run-1: fixed_over_slo: READ p99 22.98 ms > SLO 5 ms; fixed_underdelivered: TOTAL 133548 ops/s < 0.95 x 194174 ops/s target | run-2: fixed_over_slo: READ p99 22.99 ms > SLO 5 ms; fixed_underdelivered: TOTAL 133148 ops/s < 0.95 x 194174 ops/s target | run-3: fixed_over_slo: READ p99 23.09 ms > SLO 5 ms; fixed_underdelivered: TOTAL 134726 ops/s < 0.95 x 194174 ops/s target,threads,242718.4,ops/s,256,5,crossing,512,16.463,p99 16.46 ms > SLO 5 ms,,,62,,"[[16, 0.633], [32, 0.796], [64, 1.068], [128, 2.057], [256, 4.243], [512, 16.463]]",,,,,,,,,,
2026-09-26-task7-d2,task7-d2,2026-09-26,mongo-ebs125,arm-tuned-interrupted,arm,tuned-interrupted,"EBS-bound mongo run set aside (progress.md, T7 D2)",m9g.4xlarge,mongo,arm-tuned,1,4.8,3,True,False,,,,,,,0,0,0,fixed_ops,ops/s,,,,,,,,,,,,,,0,,,,,,,,,,,,,,,,,,,,,,,,,
2026-09-26-task7-d2,task7-d2,2026-09-26,net,amd-stock,amd,stock,,m8a.4xlarge,net,amd-stock,2,14.0,3,True,False,,,,,,,3,3,3,gbps_fwd,Gbps,14.893853281156575,14.89380158948447,14.893908130212424,14.893853281156575,valid runs,,,,14.89351704080097,0.03672668772398583,0.030281631851259847,,0,0,,,,,,,,,,,,,,,,,,,,,,,,,
2026-09-26-task7-d2,task7-d2,2026-09-26,net,amd-tuned,amd,tuned,,m8a.4xlarge,net,amd-tuned,2,15.1,3,True,False,,,,,,,3,3,3,gbps_fwd,Gbps,14.89395653801846,14.893940694094796,14.893982480022894,14.89395653801846,valid runs,,,,14.893560296588904,0.0786897184614599,0.03484722771973274,,0,0,,,,,,,,,,,,,,,,,,,,,,,,,
2026-09-26-task7-d2,task7-d2,2026-09-26,net,arm-stock,arm,stock,,m9g.4xlarge,net,arm-stock,2,13.6,3,True,False,,,,,,,3,3,3,gbps_fwd,Gbps,16.88894941866894,16.88874584473226,16.88901479405199,16.88894941866894,valid runs,,,,16.888636345283647,0.028657792027311623,0.020191091395915354,,0,0,,,,,,,,,,,,,,,,,,,,,,,,,
2026-09-26-task7-d2,task7-d2,2026-09-26,net,arm-tuned,arm,tuned,,m9g.4xlarge,net,arm-tuned,2,14.8,3,True,False,,,,,,,3,3,3,gbps_fwd,Gbps,16.889057578609886,16.88885406049085,16.889083804536558,16.889057578609886,valid runs,,,,16.888759521488137,0.06424277938244229,0.027769977367342283,,0,0,,,,,,,,,,,,,,,,,,,,,,,,,
2026-09-26-task7-d2,task7-d2,2026-09-26,net,x86-stock,x86,stock,,m8i.4xlarge,net,x86-stock,2,14.1,3,True,False,,,,,,,3,3,3,gbps_fwd,Gbps,14.893792671792344,14.893741328499338,14.89380381040295,14.893792671792344,valid runs,,,,14.893525285436107,0.08782182140061931,0.03988300970828813,,0,0,,,,,,,,,,,,,,,,,,,,,,,,,
2026-09-26-task7-d2,task7-d2,2026-09-26,net,x86-tuned,x86,tuned,,m8i.4xlarge,net,x86-tuned,2,15.0,3,True,False,,,,,,,3,3,3,gbps_fwd,Gbps,14.893880775954152,14.893539753297228,14.893881363303342,14.893880775954152,valid runs,,,,14.8935964366484,0.10554669811411357,0.0505586413062131,,0,0,,,,,,,,,,,,,,,,,,,,,,,,,
2026-09-26-task7-d2,task7-d2,2026-09-26,postgres,amd-stock,amd,stock,,m8a.4xlarge,postgres,amd-stock,1,40.2,3,True,True,,,,,,,3,3,3,fixed_ops,tps,397539.0,397537.7,397564.6,397539.0,valid runs,0.627,,397539.0,,,,0.317,12,0,,clients,496960.7,tps,256,5,throughput_drop,512,3.435,422469 ops/s < 95% of 496961 at step 256,,,13,SUT CPU saturated at the step that ended the walk: the loader reacted to it,"[[16, 0.464], [32, 0.516], [64, 0.525], [128, 0.521], [256, 1.055], [512, 3.435]]",128MB,4GB,600,try,off,15688201919,False,never,0.0,0.0
2026-09-26-task7-d2,task7-d2,2026-09-26,postgres,amd-tuned,amd,tuned,,m8a.4xlarge,postgres,amd-tuned,1,41.2,3,True,True,,,,,,,3,3,3,fixed_ops,tps,483780.8,483768.1,483816.8,483780.8,valid runs,0.527,,483780.8,,,,0.321,16,0,,clients,604736.9,tps,256,5,throughput_drop,512,2.461,571586 ops/s < 95% of 604737 at step 256,,,16,SUT CPU saturated at the step that ended the walk: the loader reacted to it,"[[16, 0.517], [32, 0.496], [64, 0.525], [128, 0.459], [256, 0.63], [512, 2.461]]",16GB,48GB,600,try,off,15688201919,True,always,0.9364,0.9373
2026-09-26-task7-d2,task7-d2,2026-09-26,postgres,arm-stock,arm,stock,,m9g.4xlarge,postgres,arm-stock,1,40.0,3,True,True,,,,,,,3,3,3,fixed_ops,tps,221839.3,221833.8,221875.3,221839.3,valid runs,0.698,,221839.3,,,,1.348,7,0,,clients,277328.5,tps,128,5,crossing,512,7.695,p99 7.70 ms > SLO 5 ms,,,8,SUT CPU saturated at the step that ended the walk: the loader reacted to it,"[[16, 0.509], [32, 0.531], [64, 0.553], [128, 0.891], [256, 2.41], [512, 7.695]]",128MB,4GB,600,try,off,15688201919,False,never,0.0,0.0
2026-09-26-task7-d2,task7-d2,2026-09-26,postgres,arm-tuned,arm,tuned,,m9g.4xlarge,postgres,arm-tuned,1,40.5,3,True,True,,,,,,,3,3,3,fixed_ops,tps,270706.2,270683.9,270741.7,270706.2,valid runs,0.788,,270706.2,,,,0.187,9,0,,clients,338423.1,tps,256,5,throughput_drop,512,4.075,287388 ops/s < 95% of 338423 at step 256,,,9,SUT CPU saturated at the step that ended the walk: the loader reacted to it,"[[16, 0.521], [32, 0.525], [64, 0.523], [128, 0.657], [256, 1.625], [512, 4.075]]",16GB,48GB,600,try,off,15688201919,True,always,0.9365,0.9373
2026-09-26-task7-d2,task7-d2,2026-09-26,postgres,x86-stock,x86,stock,,m8i.4xlarge,postgres,x86-stock,1,41.4,3,True,True,,,,,,,3,3,3,fixed_ops,tps,223956.5,223939.4,224018.9,223956.5,valid runs,0.609,,223956.5,,,,0.373,8,0,,clients,279950.7,tps,128,5,crossing,512,6.161,p99 6.16 ms > SLO 5 ms,,,8,SUT CPU saturated at the step that ended the walk: the loader reacted to it,"[[16, 0.297], [32, 0.369], [64, 0.482], [128, 1.118], [256, 2.512], [512, 6.161]]",128MB,4GB,600,try,off,15688210111,False,never,0.0,0.0
2026-09-26-task7-d2,task7-d2,2026-09-26,postgres,x86-tuned,x86,tuned,,m8i.4xlarge,postgres,x86-tuned,1,41.1,3,True,True,,,,,,,3,3,3,fixed_ops,tps,268783.6,268770.4,268808.6,268783.6,valid runs,0.598,,268783.6,,,,0.09,9,0,,clients,335989.8,tps,256,5,,,,,,,10,,"[[16, 0.444], [32, 0.521], [64, 0.519], [128, 0.573], [256, 1.727], [512, 3.178]]",16GB,48GB,600,try,off,15688210111,True,always,0.9368,0.9371
2026-09-26-task7-d2,task7-d2,2026-09-26,postgres-2x,arm-stock,arm,stock,"fixed_clients_factor=2 rerun set aside (progress.md, commit 960d17a)",m9g.4xlarge,postgres,arm-stock,1,40.7,3,True,True,,,,,,,3,3,0,fixed_ops,tps,,,,230071.3,,,,,,,,,8,0,run-1: fixed_generator_lagging: schedule lag p99 546.75 ms > 1.0 ms | run-2: fixed_generator_lagging: schedule lag p99 811.65 ms > 1.0 ms | run-3: fixed_generator_lagging: schedule lag p99 968.21 ms > 1.0 ms,clients,287594.2,tps,256,5,crossing,512,5.692,p99 5.69 ms > SLO 5 ms,,,8,SUT CPU saturated at the step that ended the walk: the loader reacted to it,"[[16, 0.529], [32, 0.631], [64, 0.631], [128, 0.829], [256, 1.985], [512, 5.692]]",128MB,4GB,600,try,off,15688193727,False,never,0.0,0.0
2026-09-26-task7-d2,task7-d2,2026-09-26,postgres-2x,arm-tuned,arm,tuned,"fixed_clients_factor=2 rerun set aside (progress.md, commit 960d17a)",m9g.4xlarge,postgres,arm-tuned,1,40.4,3,True,True,,,,,,,3,3,3,fixed_ops,tps,271574.9,271566.6,271614.4,271574.9,valid runs,0.825,,271574.9,,,,,10,0,,clients,339527.9,tps,256,5,throughput_drop,512,3.21,321399 ops/s < 95% of 339528 at step 256,,,10,SUT CPU saturated at the step that ended the walk: the loader reacted to it,"[[16, 0.48], [32, 0.542], [64, 0.588], [128, 0.651], [256, 1.563], [512, 3.21]]",16GB,48GB,600,try,off,15688193727,True,always,0.9365,0.9373
2026-09-27-task7-d3,task7-d3,2026-09-27,go,amd-stock,amd,stock,,m8a.4xlarge,go,amd-stock,1,63.5,3,True,True,,,,,,,3,3,3,run_knee,rps,30000,30000,30000,30000,valid runs,3.774072,23987.794285969154,,,,,,12,0,,rps,30000,rps,30000,20,crossing,35000,635.2081822999988,"p99 635.21 ms > SLO 20 ms; delivered 1756392 requests, expected >= 1828750",,"{""35000"": ""delivered 1756392 requests, expected >= 1828750""}",12,SUT CPU saturated at the step that ended the walk: the loader reacted to it,"[[5000, 1.040233], [10000, 1.4592551600000057], [15000, 1.904396], [20000, 2.547464060000002], [25000, 4.633811040000001], [30000, 9.421008030000001], [35000, 635.2081822999988], [40000, 635.3051189000003], [45000, 629.3162060799991], [50000, 628.890284], [55000, 624.74160056], [60000, 620.4483931999999], [65000, 632.4033354399998], [70000, 650.7635867800002], [75000, 641.9193007700001], [80000, 637.9357083200003], [85000, 627.63029146], [90000, 637.3049745999999], [95000, 621.1123965999999], [100000, 626.1154225199998]]",,,,,,,,,,
2026-09-27-task7-d3,task7-d3,2026-09-27,go,arm-stock,arm,stock,,m9g.4xlarge,go,arm-stock,1,63.0,3,True,True,,,,,,,3,3,3,run_knee,rps,37000,36000,37000,37000,valid runs,2.75200762,29583.35146878505,,,,,,12,0,,rps,35000,rps,35000,20,crossing,40000,534.2635254800001,p99 534.26 ms > SLO 20 ms,,,11,SUT CPU saturated at the step that ended the walk: the loader reacted to it,"[[5000, 1.0890147599999975], [10000, 1.16183206], [15000, 1.318461], [20000, 1.477761570000006], [25000, 1.9196114200000003], [30000, 2.4684164200000005], [35000, 4.929607840000012], [40000, 534.2635254800001], [45000, 515.0906174200001], [50000, 520.3967747999997], [55000, 508.73856820000077], [60000, 520.2032410499995], [65000, 512.6066741000002], [70000, 504.7057978300016], [75000, 516.3338474799995], [80000, 514.28278885], [85000, 506.0929427399998], [90000, 509.0283675], [95000, 507.5465853499999], [100000, 511.94138520000104]]",,,,,,,,,,
2026-09-27-task7-d3,task7-d3,2026-09-27,go,x86-stock,x86,stock,,m8i.4xlarge,go,x86-stock,1,62.9,3,True,True,,,,,,,3,3,3,run_knee,rps,20000,20000,20000,20000,valid runs,3.1959364999999997,15992.215381346228,,,,,,8,0,,rps,20000,rps,20000,20,crossing,25000,1810.7291120000004,"p99 1810.73 ms > SLO 20 ms; delivered 1181934 requests, expected >= 1306250",,"{""25000"": ""delivered 1181934 requests, expected >= 1306250""}",9,SUT CPU saturated at the step that ended the walk: the loader reacted to it,"[[5000, 1.287292], [10000, 1.5531892400000011], [15000, 2.6356616900000005], [20000, 7.378756], [25000, 1810.7291120000004], [30000, 927.0401733999993], [35000, 937.0003756399997], [40000, 952.9340061000008], [45000, 945.2431585700002], [50000, 931.65281136], [55000, 921.2150874100001], [60000, 917.1770877499997], [65000, 932.8823775999991], [70000, 1057.994054599999], [75000, 1377.3009939999984], [80000, 1168.0238126999977], [85000, 1028.7087516199988], [90000, 953.6255925999997], [95000, 1543.4874370699936], [100000, 960.14447852]]",,,,,,,,,,
2026-09-27-task7-d3,task7-d3,2026-09-27,inference,amd-stock,amd,stock,,m8a.4xlarge,inference,amd-stock,1,29.2,3,True,False,,,,,16,system_info: n_threads = 16 (n_threads_batch = 16) / 16 | CPU : SSE3 = 1 | SSSE3 = 1 | AVX = 1 | AVX2 = 1 | F16C = 1 | FMA = 1 | BMI2 = 1 | AVX512 = 1 | AVX512_VBMI = 1 | AVX512_VNNI = 1 | AVX512_BF16 = 1 | LLAMAFILE = 1 | OPENMP = 1 | REPACK = 1 |,3,3,3,tok_s,tok/s,64.97075578671381,64.86673510424117,65.0732060438413,64.97075578671381,valid runs,7955.30647869,0.5075840295837016,,,,,,0,0,,,,,,,,,,,,,,,,,,,,,,,,,
2026-09-27-task7-d3,task7-d3,2026-09-27,inference,amd-tuned,amd,tuned,,m8a.4xlarge,inference,amd-tuned,1,28.2,3,True,False,,,,,16,system_info: n_threads = 16 (n_threads_batch = 16) / 16 | CPU : SSE3 = 1 | SSSE3 = 1 | AVX = 1 | AVX2 = 1 | F16C = 1 | FMA = 1 | BMI2 = 1 | AVX512 = 1 | AVX512_VBMI = 1 | AVX512_VNNI = 1 | AVX512_BF16 = 1 | LLAMAFILE = 1 | OPENMP = 1 | REPACK = 1 |,3,3,3,tok_s,tok/s,77.47441187593788,77.29935598429402,77.48508344056091,77.47441187593788,valid runs,6650.2070066999995,0.6052688427807646,,,,,,0,0,,,,,,,,,,,,,,,,,,,,,,,,,
2026-09-27-task7-d3,task7-d3,2026-09-27,inference,arm-stock,arm,stock,,m9g.4xlarge,inference,arm-stock,1,27.6,3,True,False,,,,,16,system_info: n_threads = 16 (n_threads_batch = 16) / 16 | CPU : NEON = 1 | ARM_FMA = 1 | FP16_VA = 1 | MATMUL_INT8 = 1 | SVE = 1 | DOTPROD = 1 | SVE_CNT = 16 | OPENMP = 1 | REPACK = 1 |,3,3,3,tok_s,tok/s,97.54515049464959,97.46062822233642,97.62387456440746,97.54515049464959,valid runs,5429.51316,0.7620714882394499,,,,,,0,0,,,,,,,,,,,,,,,,,,,,,,,,,
2026-09-27-task7-d3,task7-d3,2026-09-27,inference,arm-tuned,arm,tuned,,m9g.4xlarge,inference,arm-tuned,1,29.0,3,True,False,,,,,16,system_info: n_threads = 16 (n_threads_batch = 16) / 16 | CPU : NEON = 1 | ARM_FMA = 1 | FP16_VA = 1 | MATMUL_INT8 = 1 | SVE = 1 | DOTPROD = 1 | SVE_CNT = 16 | OPENMP = 1 | REPACK = 1 |,3,3,3,tok_s,tok/s,108.03162403898028,107.33472723630004,109.12401009089609,108.03162403898028,valid runs,5064.88866323,0.8439970628045335,,,,,,0,0,,,,,,,,,,,,,,,,,,,,,,,,,
2026-09-27-task7-d3,task7-d3,2026-09-27,inference,x86-stock,x86,stock,,m8i.4xlarge,inference,x86-stock,1,27.7,3,True,False,,,,,8,system_info: n_threads = 8 (n_threads_batch = 8) / 16 | CPU : SSE3 = 1 | SSSE3 = 1 | AVX = 1 | AVX2 = 1 | F16C = 1 | FMA = 1 | BMI2 = 1 | AVX512 = 1 | AVX512_VBMI = 1 | AVX512_VNNI = 1 | AVX512_BF16 = 1 | AMX_INT8 = 1 | LLAMAFILE = 1 | OPENMP = 1 | REPACK = 1 |,3,3,3,tok_s,tok/s,43.55269384879874,41.95772080245148,46.05259770728356,43.55269384879874,valid runs,13357.19891768,0.34025542069374015,,,,,,0,0,,,,,,,,,,,,,,,,,,,,,,,,,
2026-09-27-task7-d3,task7-d3,2026-09-27,inference,x86-tuned,x86,tuned,,m8i.4xlarge,inference,x86-tuned,1,27.3,3,True,False,,,,,8,system_info: n_threads = 8 (n_threads_batch = 8) / 16 | CPU : SSE3 = 1 | SSSE3 = 1 | AVX = 1 | AVX2 = 1 | F16C = 1 | FMA = 1 | BMI2 = 1 | AVX512 = 1 | AVX512_VBMI = 1 | AVX512_VNNI = 1 | AVX512_BF16 = 1 | AMX_INT8 = 1 | LLAMAFILE = 1 | OPENMP = 1 | REPACK = 1 |,3,3,3,tok_s,tok/s,58.687479835713575,58.067396122024995,58.94682916195081,58.687479835713575,valid runs,8907.16827164,0.4584959362165123,,,,,,0,0,,,,,,,,,,,,,,,,,,,,,,,,,
2026-09-27-task7-d3,task7-d3,2026-09-27,java,amd-stock,amd,stock,,m8a.4xlarge,java,amd-stock,1,58.1,3,True,True,,,,,,,3,3,3,run_knee,rps,90000,88000,90000,90000,valid runs,3.9922395799999832,71919.39603733318,,,,,,23,0,,rps,80000,rps,80000,10,crossing,90000,13.17370421,p99 13.17 ms > SLO 10 ms,,,24,,"[[10000, 0.834932], [20000, 1.1710645000000042], [30000, 1.3505205900000044], [40000, 1.5512083000000023], [50000, 2.2087823400000013], [60000, 3.137605210000001], [70000, 3.5956296000000005], [80000, 4.8626584400000015], [90000, 13.17370421], [100000, 95.32785055999994], [110000, 157.7830010999994], [120000, 158.10165663000024]]",,,,,,,,,,
2026-09-27-task7-d3,task7-d3,2026-09-27,java,amd-tuned,amd,tuned,,m8a.4xlarge,java,amd-tuned,1,58.7,3,True,True,,,,,,,3,3,3,run_knee,rps,90000,90000,90000,90000,valid runs,3.6709240500000044,71938.75559016931,,,,,,23,0,,rps,80000,rps,80000,10,crossing,90000,11.246229740000022,p99 11.25 ms > SLO 10 ms,,,23,,"[[10000, 0.733636], [20000, 1.0919708800000028], [30000, 1.3074073200000078], [40000, 1.3961152200000002], [50000, 2.035923080000002], [60000, 3.345277100000002], [70000, 3.6706573600000003], [80000, 4.9114165], [90000, 11.246229740000022], [100000, 128.76406225999955], [110000, 156.88259008000028], [120000, 137.10317465000008]]",,,,,,,,,,
2026-09-27-task7-d3,task7-d3,2026-09-27,java,amd-tuned-vthreads,amd,tuned-vthreads,,m8a.4xlarge,java,amd-tuned-vthreads,1,59.0,3,True,True,,,,,,,3,3,3,run_knee,rps,110000,100000,110000,110000,valid runs,3.153706950000018,87895.45982674502,,,,,,26,0,,rps,100000,rps,100000,10,crossing,110000,11.06315712,p99 11.06 ms > SLO 10 ms,,,25,SUT CPU saturated at the step that ended the walk: the loader reacted to it,"[[10000, 0.8300671500000021], [20000, 1.1201715600000097], [30000, 1.207276], [40000, 1.2293270100000029], [50000, 1.2725494800000015], [60000, 1.276692], [70000, 1.612346989999999], [80000, 2.485604439999985], [90000, 3.2613007400000003], [100000, 5.277316860000007], [110000, 11.06315712], [120000, 347.830151009996]]",,,,,,,,,,
2026-09-27-task7-d3,task7-d3,2026-09-27,java,arm-stock,arm,stock,,m9g.4xlarge,java,arm-stock,1,57.6,3,True,True,,,,,,,3,3,3,run_knee,rps,80000,80000,80000,80000,valid runs,5.971611,63949.959863555996,,,,,,22,0,,rps,70000,rps,70000,10,crossing,80000,11.526810000000014,p99 11.53 ms > SLO 10 ms,,,20,,"[[10000, 0.907176], [20000, 1.200673], [30000, 1.4032189399999981], [40000, 1.5864762100000012], [50000, 3.15319325], [60000, 5.667164070000002], [70000, 6.85471148], [80000, 11.526810000000014], [90000, 17.93748332], [100000, 150.1349757600002], [110000, 151.3604386100001], [120000, 148.03024456000003]]",,,,,,,,,,
2026-09-27-task7-d3,task7-d3,2026-09-27,java,arm-tuned,arm,tuned,,m9g.4xlarge,java,arm-tuned,1,58.1,3,True,True,,,,,,,3,3,3,run_knee,rps,90000,86000,90000,90000,valid runs,6.030112799999997,71941.97180068726,,,,,,22,0,,rps,80000,rps,80000,10,crossing,90000,10.04354012,p99 10.04 ms > SLO 10 ms,,,23,,"[[10000, 0.875478200000003], [20000, 1.191137], [30000, 1.403910020000001], [40000, 1.418875950000001], [50000, 1.5677543100000004], [60000, 3.7313174000000005], [70000, 5.725246920000004], [80000, 6.477468950000003], [90000, 10.04354012], [100000, 17.661126920000005], [110000, 20.471256969999995], [120000, 136.79620787999949]]",,,,,,,,,,
2026-09-27-task7-d3,task7-d3,2026-09-27,java,arm-tuned-vthreads,arm,tuned-vthreads,,m9g.4xlarge,java,arm-tuned-vthreads,1,57.9,3,True,True,,,,,,,3,3,3,run_knee,rps,110000,100000,110000,110000,valid runs,3.2468043500000014,87891.52708516948,,,,,,27,0,,rps,100000,rps,100000,10,crossing,110000,24.652180300000072,p99 24.65 ms > SLO 10 ms,,,23,SUT CPU saturated at the step that ended the walk: the loader reacted to it,"[[10000, 0.8602189100000008], [20000, 1.1003398500000008], [30000, 1.1780223600000002], [40000, 1.1304133900000002], [50000, 1.1690342800000002], [60000, 1.2065434200000003], [70000, 1.5328465499999961], [80000, 2.196269799999999], [90000, 2.9382278999999993], [100000, 4.367265979999981], [110000, 24.652180300000072], [120000, 1322.0994468499991]]",,,,,,,,,,
2026-09-27-task7-d3,task7-d3,2026-09-27,java,x86-stock,x86,stock,,m8i.4xlarge,java,x86-stock,1,58.6,3,True,True,,,,,,,3,3,3,run_knee,rps,46000,46000,46000,46000,valid runs,4.564506200000005,36777.4683902183,,,,,,14,0,,rps,40000,rps,40000,10,crossing,50000,250.03151107999867,p99 250.03 ms > SLO 10 ms; http_req_failed rate 0.011 >= 0.01,,"{""50000"": ""http_req_failed rate 0.011 >= 0.01""}",15,SUT CPU saturated at the step that ended the walk: the loader reacted to it,"[[10000, 0.9982195100000004], [20000, 1.4593065100000022], [30000, 2.860761200000002], [40000, 5.302107230000001], [50000, 250.03151107999867], [60000, 301.38747979999994], [70000, 307.9596928799993], [80000, 307.41983587999863], [90000, 306.07654659999986], [100000, 312.50005267999995], [110000, 312.28062376000037], [120000, 310.1309130099948]]",,,,,,,,,,
2026-09-27-task7-d3,task7-d3,2026-09-27,java,x86-tuned,x86,tuned,,m8i.4xlarge,java,x86-tuned,1,58.9,3,True,True,,,,,,,3,3,3,run_knee,rps,52000,52000,52000,52000,valid runs,4.32509939,41576.933968301535,,,,,,16,0,,rps,50000,rps,50000,10,crossing,60000,232.10270758,"p99 232.10 ms > SLO 10 ms; delivered 2999127 requests, expected >= 3135000; http_req_failed rate 0.013 >= 0.01",,"{""60000"": ""delivered 2999127 requests, expected >= 3135000; http_req_failed rate 0.013 >= 0.01""}",23,SUT CPU saturated at the step that ended the walk: the loader reacted to it,"[[10000, 0.9997799700000009], [20000, 1.5125554600000006], [30000, 2.088565120000002], [40000, 4.005952520000003], [50000, 6.819817339999998], [60000, 232.10270758], [70000, 246.42373200000026], [80000, 249.17131353999963], [90000, 259.03012975], [100000, 262.37479965999904], [110000, 263.2374379299992], [120000, 264.57243360000024]]",,,,,,,,,,
2026-09-27-task7-d3,task7-d3,2026-09-27,java,x86-tuned-vthreads,x86,tuned-vthreads,,m8i.4xlarge,java,x86-tuned-vthreads,1,58.9,3,True,True,,,,,,,3,3,3,run_knee,rps,56000,56000,56000,56000,valid runs,2.550637259999998,44773.58318523502,,,,,,17,0,,rps,50000,rps,50000,10,crossing,60000,912.1641367799875,"p99 912.16 ms > SLO 10 ms; delivered 3086449 requests, expected >= 3135000; http_req_failed rate 0.011 >= 0.01",,"{""60000"": ""delivered 3086449 requests, expected >= 3135000; http_req_failed rate 0.011 >= 0.01""}",20,SUT CPU saturated at the step that ended the walk: the loader reacted to it,"[[10000, 0.9004351900000002], [20000, 1.3227484099999993], [30000, 1.8440978800000045], [40000, 2.113104920000011], [50000, 3.6312245200000026], [60000, 912.1641367799875], [70000, 820.4055011599971], [80000, 966.2914850800005], [90000, 769.9965647500001], [100000, 855.9466464800004], [110000, 739.2404456799986], [120000, 854.0220599199992]]",,,,,,,,,,
2026-09-27-task7-d3,task7-d3,2026-09-27,mongo,amd-stock,amd,stock,,m8a.4xlarge,mongo,amd-stock,1,43.2,3,True,True,,,,,,,3,3,3,fixed_ops,ops/s,148422.0,148422.0,148422.0,148422.0,valid runs,1.831,,148422.0,,,,,47,0,,threads,185528.8,ops/s,128,5,crossing,512,13.263,p99 13.26 ms > SLO 5 ms,,,51,,"[[16, 0.609], [32, 0.778], [64, 1.064], [128, 2.159], [256, 4.651], [512, 13.263]]",,,,,,,,,,
2026-09-27-task7-d3,task7-d3,2026-09-27,mongo,amd-tuned,amd,tuned,,m8a.4xlarge,mongo,amd-tuned,1,43.7,3,True,True,,,,,,,3,3,3,fixed_ops,ops/s,151802.0,151802.0,151802.0,151802.0,valid runs,1.969,,151802.0,,,,,35,0,,threads,189753.3,ops/s,128,5,throughput_drop,256,4.819,178891 ops/s < 95% of 189753 at step 128,,,43,,"[[16, 0.593], [32, 0.772], [64, 1.059], [128, 2.129], [256, 4.819], [512, 16.431]]",,,,,,,,,,
2026-09-27-task7-d3,task7-d3,2026-09-27,mongo,arm-stock,arm,stock,,m9g.4xlarge,mongo,arm-stock,1,43.3,3,True,True,,,,,,,3,3,3,fixed_ops,ops/s,190022.0,190022.0,190022.0,190022.0,valid runs,3.399,,190022.0,,,,,48,0,,threads,237529.7,ops/s,256,5,crossing,512,11.423,p99 11.42 ms > SLO 5 ms,,,61,,"[[16, 0.648], [32, 0.824], [64, 1.078], [128, 2.035], [256, 4.215], [512, 11.423]]",,,,,,,,,,
2026-09-27-task7-d3,task7-d3,2026-09-27,mongo,arm-tuned,arm,tuned,,m9g.4xlarge,mongo,arm-tuned,1,42.6,3,True,True,,,,,,,3,3,3,fixed_ops,ops/s,191846.0,191846.0,191846.0,191846.0,valid runs,3.437,,191846.0,,,,,49,0,,threads,239808.2,ops/s,256,5,crossing,512,11.759,p99 11.76 ms > SLO 5 ms,,,60,,"[[16, 0.663], [32, 0.785], [64, 1.056], [128, 2.063], [256, 4.371], [512, 11.759]]",,,,,,,,,,
2026-09-27-task7-d3,task7-d3,2026-09-27,mongo,x86-stock,x86,stock,,m8i.4xlarge,mongo,x86-stock,1,44.0,3,True,True,,,,,,,3,3,3,fixed_ops,ops/s,148422.0,148422.0,148422.0,148422.0,valid runs,3.257,,148422.0,,,,,38,0,,threads,185528.8,ops/s,256,5,crossing,512,9.079,p99 9.08 ms > SLO 5 ms,,,45,SUT CPU saturated at the step that ended the walk: the loader reacted to it,"[[16, 0.618], [32, 0.81], [64, 1.087], [128, 2.087], [256, 4.079], [512, 9.079]]",,,,,,,,,,
2026-09-27-task7-d3,task7-d3,2026-09-27,mongo,x86-tuned,x86,tuned,,m8i.4xlarge,mongo,x86-tuned,1,43.8,3,True,True,,,,,,,3,3,3,fixed_ops,ops/s,154142.0,154142.0,154142.0,154142.0,valid runs,3.301,,154142.0,,,,,39,0,,threads,192678.2,ops/s,256,5,crossing,512,9.215,p99 9.21 ms > SLO 5 ms,,,52,,"[[16, 0.608], [32, 0.784], [64, 1.08], [128, 2.075], [256, 4.049], [512, 9.215]]",,,,,,,,,,
2026-09-27-task7-d3,task7-d3,2026-09-27,postgres,amd-stock,amd,stock,,m8a.4xlarge,postgres,amd-stock,1,40.2,3,True,True,,,,,,,3,3,3,fixed_ops,tps,401189.1,401148.2,401206.0,401189.1,valid runs,0.596,,401189.1,,,,0.248,12,0,,clients,501513.2,tps,256,5,throughput_drop,512,3.395,427923 ops/s < 95% of 501513 at step 256,,,13,SUT CPU saturated at the step that ended the walk: the loader reacted to it,"[[16, 0.353], [32, 0.52], [64, 0.483], [128, 0.506], [256, 1.105], [512, 3.395]]",128MB,4GB,600,try,off,15688210111,False,never,0.0,0.0
2026-09-27-task7-d3,task7-d3,2026-09-27,postgres,amd-tuned,amd,tuned,,m8a.4xlarge,postgres,amd-tuned,1,41.1,3,True,True,,,,,,,3,3,3,fixed_ops,tps,467124.5,467073.3,467164.0,467124.5,valid runs,0.52,,467124.5,,,,0.286,14,0,,clients,583907.0,tps,256,5,,,,,,,16,,"[[16, 0.346], [32, 0.508], [64, 0.582], [128, 0.547], [256, 0.698], [512, 2.648]]",16GB,48GB,600,try,off,15688218303,True,always,0.9364,0.9373
2026-09-27-task7-d3,task7-d3,2026-09-27,postgres,arm-stock,arm,stock,,m9g.4xlarge,postgres,arm-stock,1,40.2,3,True,True,,,,,,,3,3,3,fixed_ops,tps,221395.5,221385.3,221412.1,221395.5,valid runs,0.674,,221395.5,,,,0.084,8,0,,clients,276741.0,tps,256,5,crossing,512,5.856,p99 5.86 ms > SLO 5 ms,,,8,SUT CPU saturated at the step that ended the walk: the loader reacted to it,"[[16, 0.498], [32, 0.636], [64, 0.553], [128, 0.858], [256, 2.06], [512, 5.856]]",128MB,4GB,600,try,off,15688210111,False,never,0.0,0.0
2026-09-27-task7-d3,task7-d3,2026-09-27,postgres,arm-tuned,arm,tuned,,m9g.4xlarge,postgres,arm-tuned,1,40.2,3,True,True,,,,,,,3,3,3,fixed_ops,tps,265534.4,265489.6,265543.9,265534.4,valid runs,0.764,,265534.4,,,,0.153,9,0,,clients,331899.4,tps,256,5,throughput_drop,512,4.169,282178 ops/s < 95% of 331899 at step 256,,,9,SUT CPU saturated at the step that ended the walk: the loader reacted to it,"[[16, 0.415], [32, 0.523], [64, 0.56], [128, 0.635], [256, 1.706], [512, 4.169]]",16GB,48GB,600,try,off,15688210111,True,always,0.9365,0.9373
2026-09-27-task7-d3,task7-d3,2026-09-27,postgres,x86-stock,x86,stock,,m8i.4xlarge,postgres,x86-stock,1,40.6,3,True,True,,,,,,,3,3,3,fixed_ops,tps,215098.5,215086.7,215111.6,215098.5,valid runs,0.618,,215098.5,,,,0.589,8,0,,clients,268872.5,tps,128,5,crossing,512,6.129,p99 6.13 ms > SLO 5 ms,,,8,SUT CPU saturated at the step that ended the walk: the loader reacted to it,"[[16, 0.465], [32, 0.533], [64, 0.526], [128, 1.133], [256, 2.376], [512, 6.129]]",128MB,4GB,600,try,off,15688218303,False,never,0.0,0.0
2026-09-27-task7-d3,task7-d3,2026-09-27,postgres,x86-tuned,x86,tuned,,m8i.4xlarge,postgres,x86-tuned,1,41.4,3,True,True,,,,,,,3,3,3,fixed_ops,tps,275903.4,275869.0,275905.2,275903.4,valid runs,0.637,,275903.4,,,,0.097,10,0,,clients,344914.1,tps,256,5,,,,,,,10,,"[[16, 0.403], [32, 0.497], [64, 0.501], [128, 0.56], [256, 1.567], [512, 3.23]]",16GB,48GB,600,try,off,15688218303,True,always,0.9365,0.9373
2026-09-28-task8-arc,early-lab,2026-09-28,java,arc-m5,arc,m5,,m5.4xlarge,java,arc-m5,1,29.2,1,True,True,,,,,,,1,1,1,run_knee,rps,24000,24000,24000,24000,valid runs,3.437215800000008,19184.53080607111,,,,,,8,0,,rps,20000,rps,20000,10,crossing,30000,536.5942898199999,"p99 536.59 ms > SLO 10 ms; delivered 1469187 requests, expected >= 1567500; http_req_failed rate 0.026 >= 0.01",,"{""30000"": ""delivered 1469187 requests, expected >= 1567500; http_req_failed rate 0.026 >= 0.01""}",9,SUT CPU saturated at the step that ended the walk: the loader reacted to it,"[[10000, 1.4122110600000066], [20000, 3.9222295500000213], [30000, 536.5942898199999], [40000, 578.6030245500009], [50000, 620.4759688000019], [60000, 601.090881], [70000, 664.8236305500002], [80000, 629.4507969100011], [90000, 601.2004903500036], [100000, 636.8055227000009], [110000, 567.6805834600027], [120000, 570.2788629399927]]",,,,,,,,,,
2026-09-28-task8-arc,early-lab,2026-09-28,java,arc-m6g,arc,m6g,,m6g.4xlarge,java,arc-m6g,1,28.9,1,True,True,,,,,,,1,1,1,run_knee,rps,22000,22000,22000,22000,valid runs,5.641984900000002,17586.713051440012,,,,,,7,0,,rps,20000,rps,20000,10,crossing,30000,533.3614001999997,"p99 533.36 ms > SLO 10 ms; delivered 1514852 requests, expected >= 1567500; http_req_failed rate 0.023 >= 0.01",,"{""30000"": ""delivered 1514852 requests, expected >= 1567500; http_req_failed rate 0.023 >= 0.01""}",14,SUT CPU saturated at the step that ended the walk: the loader reacted to it,"[[10000, 1.603718], [20000, 6.324599280000011], [30000, 533.3614001999997], [40000, 601.723637], [50000, 553.5100844800008], [60000, 598.4446745], [70000, 605.681796959989], [80000, 633.6109696199961], [90000, 613.6099143799988], [100000, 637.5848426199993], [110000, 666.1375043999997], [120000, 628.611425899996]]",,,,,,,,,,
2026-09-28-task8-arc,early-lab,2026-09-28,java,arc-m6i,arc,m6i,,m6i.4xlarge,java,arc-m6i,1,28.6,1,True,True,,,,,,,1,1,1,run_knee,rps,32000,32000,32000,32000,valid runs,3.2030471199999995,25577.998313957927,,,,,,10,0,,rps,30000,rps,30000,10,crossing,40000,432.69514696000005,"p99 432.70 ms > SLO 10 ms; delivered 1863055 requests, expected >= 2090000; http_req_failed rate 0.023 >= 0.01",,"{""40000"": ""delivered 1863055 requests, expected >= 2090000; http_req_failed rate 0.023 >= 0.01""}",17,SUT CPU saturated at the step that ended the walk: the loader reacted to it,"[[10000, 1.151784], [20000, 1.892138], [30000, 5.216026360000002], [40000, 432.69514696000005], [50000, 420.32132612000015], [60000, 396.99946350000613], [70000, 434.67798311999877], [80000, 411.6736319799992], [90000, 396.75072761999553], [100000, 443.4828301399993], [110000, 402.1720052299996], [120000, 451.93657428999836]]",,,,,,,,,,
2026-09-28-task8-arc,early-lab,2026-09-28,java,arc-m7g,arc,m7g,,m7g.4xlarge,java,arc-m7g,1,28.5,1,True,True,,,,,,,1,1,1,run_knee,rps,26000,26000,26000,26000,valid runs,5.928868649999999,20780.466088643145,,,,,,10,0,,rps,20000,rps,20000,10,crossing,30000,17.00177417,p99 17.00 ms > SLO 10 ms,,,10,SUT CPU saturated at the step that ended the walk: the loader reacted to it,"[[10000, 1.2883153900000004], [20000, 4.637334280000005], [30000, 17.00177417], [40000, 497.0474690999977], [50000, 493.47568479999126], [60000, 476.59198896000066], [70000, 469.4146014100004], [80000, 450.68277563999965], [90000, 445.189385960001], [100000, 469.0105269399997], [110000, 467.13755986000007], [120000, 446.33453923]]",,,,,,,,,,
2026-09-28-task8-arc,early-lab,2026-09-28,java,arc-m7i,arc,m7i,,m7i.4xlarge,java,arc-m7i,1,28.6,1,True,True,,,,,,,1,1,1,run_knee,rps,36000,36000,36000,36000,valid runs,4.48845866,28775.25087879169,,,,,,11,0,,rps,30000,rps,30000,10,crossing,40000,349.57637550000055,"p99 349.58 ms > SLO 10 ms; delivered 2029515 requests, expected >= 2090000; http_req_failed rate 0.018 >= 0.01",,"{""40000"": ""delivered 2029515 requests, expected >= 2090000; http_req_failed rate 0.018 >= 0.01""}",12,SUT CPU saturated at the step that ended the walk: the loader reacted to it,"[[10000, 1.171571], [20000, 1.9603133900000003], [30000, 4.29462324], [40000, 349.57637550000055], [50000, 390.3538067799997], [60000, 374.7998699500011], [70000, 365.7399220300003], [80000, 395.7495855299999], [90000, 359.5555017999998], [100000, 392.10937180000167], [110000, 378.4175239999998], [120000, 376.3917175099991]]",,,,,,,,,,
2026-09-28-task8-arc,early-lab,2026-09-28,java,arc-m8a,arc,m8a,,m8a.4xlarge,java,arc-m8a,1,28.5,1,True,True,,,,,,,1,1,1,run_knee,rps,90000,90000,90000,90000,valid runs,4.1226366300000015,71922.80266597545,,,,,,27,0,,rps,90000,rps,90000,10,crossing,100000,41.91329497000001,p99 41.91 ms > SLO 10 ms,,,24,,"[[10000, 0.9245793800000013], [20000, 1.2893970400000065], [30000, 1.3937656100000015], [40000, 1.4990705400000004], [50000, 2.0944704], [60000, 2.6437042300000004], [70000, 3.611130230000001], [80000, 4.928824699999985], [90000, 8.20221365999999], [100000, 41.91329497000001], [110000, 127.72472748999995], [120000, 124.21012589999988]]",,,,,,,,,,
2026-09-28-task8-arc,early-lab,2026-09-28,java,arc-m8g,arc,m8g,,m8g.4xlarge,java,arc-m8g,1,28.4,1,True,True,,,,,,,1,1,1,run_knee,rps,40000,40000,40000,40000,valid runs,5.468929,31966.330355262722,,,,,,13,0,,rps,40000,rps,40000,10,crossing,50000,265.49915392000196,p99 265.50 ms > SLO 10 ms; http_req_failed rate 0.011 >= 0.01,,"{""50000"": ""http_req_failed rate 0.011 >= 0.01""}",14,SUT CPU saturated at the step that ended the walk: the loader reacted to it,"[[10000, 0.902021], [20000, 1.4136405400000136], [30000, 5.1905484500000005], [40000, 8.185611670000004], [50000, 265.49915392000196], [60000, 309.27777880000025], [70000, 308.9461395999978], [80000, 313.38042673999837], [90000, 316.22101359], [100000, 325.16891044000124], [110000, 328.1747001599987], [120000, 323.33508017000213]]",,,,,,,,,,
2026-09-28-task8-arc,early-lab,2026-09-28,java,arc-m8i,arc,m8i,,m8i.4xlarge,java,arc-m8i,1,28.5,1,True,True,,,,,,,1,1,1,run_knee,rps,48000,48000,48000,48000,valid runs,4.944189289999999,38370.37167487103,,,,,,14,0,,rps,40000,rps,40000,10,crossing,50000,210.74048831000007,p99 210.74 ms > SLO 10 ms,,,15,SUT CPU saturated at the step that ended the walk: the loader reacted to it,"[[10000, 0.8585837800000027], [20000, 1.3121757200000073], [30000, 2.1415326300000053], [40000, 4.611073700000001], [50000, 210.74048831000007], [60000, 350.93533517000054], [70000, 344.11839933999994], [80000, 347.84913782000217], [90000, 349.5173225999999], [100000, 343.62576379999933], [110000, 354.65704625999956], [120000, 342.8011121700009]]",,,,,,,,,,
2026-09-28-task8-arc,early-lab,2026-09-28,java,arc-m9g,arc,m9g,,m9g.4xlarge,java,arc-m9g,1,28.4,1,True,True,,,,,,,1,1,1,run_knee,rps,80000,80000,80000,80000,valid runs,5.791718839999996,63943.54590889975,,,,,,22,0,,rps,80000,rps,80000,10,crossing,90000,12.90579194,p99 12.91 ms > SLO 10 ms,,,25,,"[[10000, 0.879621], [20000, 1.153954], [30000, 1.216297], [40000, 1.3727243900000003], [50000, 2.1513014500000005], [60000, 5.149798439999997], [70000, 5.622940039999981], [80000, 8.38663503], [90000, 12.90579194], [100000, 123.30343760000021], [110000, 168.51582110000035], [120000, 162.78331883999996]]",,,,,,,,,,
2026-09-28-task8-arc-r2,early-lab,2026-09-28,java,arc-m8g,arc,m8g,,m8g.4xlarge,java,arc-m8g,1,28.6,1,True,True,,,,,,,1,1,1,run_knee,rps,40000,40000,40000,40000,valid runs,5.69731617,31973.663848576056,,,,,,12,0,,rps,40000,rps,40000,10,crossing,50000,255.9210356600001,p99 255.92 ms > SLO 10 ms,,,14,SUT CPU saturated at the step that ended the walk: the loader reacted to it,"[[10000, 1.057884130000001], [20000, 1.7579780200000037], [30000, 5.434833090000001], [40000, 8.67754409], [50000, 255.9210356600001], [60000, 337.24226625], [70000, 326.5336922000016], [80000, 350.3417431699986], [90000, 335.0756238400004], [100000, 347.148271279999], [110000, 346.37946731999807], [120000, 355.5408825900001]]",,,,,,,,,,
