results_dir,day_class,workload,cell,chip,variant,run,has_meta,run_knee,rate,target_ops,clients,knee_clients,threads,loader_peak_percent,cpuset,cpuset_count,cstates_ready,lag_p99_ms,lag_max_ms,pgbench_threads,mongo_documents,aperf,flamegraph,mongo_warmup,pgbench_pod_cores_max,actuator,meta_invalid,invalid_before_rejudge,rejudged,llama_n_threads,p50_ms,p90_ms,p95_ms,p99_ms,p999_ms,max_ms,avg_ms,delivered_rps,requests,http_req_failed_rate,dropped_iterations,iterations,duration_s,llama_predicted_tokens,tok_s,llama_slot_tok_s_med,llama_prompt_ms_med,llama_predicted_ms_med,measured,invalid_reasons,valid,headline_value,gbps_fwd,gbps_sent_fwd,retransmits_fwd,iperf_client_cpu_pct_fwd,iperf_server_sut_cpu_pct_fwd,gbps_rev,gbps_sent_rev,retransmits_rev,iperf_client_cpu_pct_rev,iperf_server_sut_cpu_pct_rev,net_cpu_baseline_cores,net_cpu_fwd_cores,net_cpu_rev_cores,net_cpu_notes,cpu_cores_per_gbps_fwd,cpu_cores_per_gbps_rev,fine_coarse_knee,fine_ended_by_kind,fine_ended_by_step,fine_invalid,fine_loader_guard_waived,report_file,fixed_ops,read_ops,update_ops,update_p99_ms,pgbench_failed,pgbench_samples
2026-09-04,early-lab,inference,arm-tuned,arm,tuned,run-1,True,,,,,,,0,1-15,15,,,,,,ok,ok,,,,,,,,4434.4129085,4561.8881929,4587.3868087,5433.160865979981,5678.605692499,5678.662504,4465.207778083333,0.8957051550378737,324,0,0,324,361.72617538,41472,114.65025984484784,29.29805662769453,61.682500000000005,4334.7585,True,,True,114.65025984484784,,,,,,,,,,,,,,,,,,,,,,,,,,,,
2026-09-04,early-lab,java,arm-tuned,arm,tuned,run-1,True,,32000,,,,,38,1-15,15,,,,,,ok,ok,,,,dropped_iterations count 7547 > 0,,,,0.29665,0.44781,0.554529,5.259986720000051,17.108801521000093,122.162412,0.4576472814634194,31984.0355282094,15352454,0,7547,15352454,480.003656401,,,,,,True,dropped_iterations count 7547 > 0,False,,,,,,,,,,,,,,,,,,,,,,,,,,,,,
2026-09-04,early-lab,java,x86-tuned,x86,tuned,run-1,True,,20000,,,,,55,1-15,15,,,,,,ok,ok,,,,dropped_iterations count 5161 > 0,,,,0.510399,0.645508,0.696182,0.8128466099999994,2.2907588620000445,229.79209,0.5398178504135606,19989.098603983068,9594840,0,5161,9594840,480.003635486,,,,,,True,dropped_iterations count 5161 > 0,False,,,,,,,,,,,,,,,,,,,,,,,,,,,,,
2026-09-04,early-lab,net,arm-tuned,arm,tuned,run-1,True,,,,,,,0,1-15,15,,,,,,ok,ok,,,,,,,,,,,,,,,,,,,,,,,,,,True,,True,16.857829039500647,16.857829039500647,16.8613582028347,7015,13.214170311518345,64.4257564202623,16.889160905825904,16.892498898639978,2703,73.28321283437053,11.581954777997314,,,,,,,,,,,,,,,,,,
2026-09-24-cal-llama-arm,calibration,inference,arm-tuned,arm,tuned,run-1,True,,,,,,,0,1-15,15,,,,,,ok,ok,,,,,,,16,4693.9665079999995,4757.3836198,4777.4878249,5250.59250106,5286.836352061002,5302.380062,4706.254798194803,0.8498413168381121,308,0,0,308,362.42060005499997,39424,108.77968855527837,27.742862547899463,64.795,4577.754,True,,True,108.77968855527837,,,,,,,,,,,,,,,,,,,,,,,,,,,,
2026-09-24-cal-llama-kleidiai,calibration,inference,arm-tuned-kleidiai,arm,tuned-kleidiai,run-1,True,,,,,,,0,1-15,15,,,,,,ok,ok,,,,,,,16,4857.709655000001,4937.7547095,4974.09497375,5449.592991699999,5451.17731074,5451.747849,4866.342747527032,0.8218780449537646,296,0,0,296,360.15075693700004,37888,105.20038975408184,26.68035557982033,44.965,4760.056500000001,True,,True,105.20038975408184,,,,,,,,,,,,,,,,,,,,,,,,,,,,
2026-09-24-cal-llama-x86,calibration,inference,x86-tuned,x86,tuned,run-1,True,,,,,,,0,1-15,15,,,,,,ok,ok,,,,,,,8,13123.780469,13367.186677999998,13369.06348825,13418.09921325,13426.437215415,13426.4526,12601.24812452586,0.3173872920914124,116,0,0,116,365.484072269,14848,40.62557338770079,9.821320274179833,93.666,12931.0615,True,,True,40.62557338770079,,,,,,,,,,,,,,,,,,,,,,,,,,,,
2026-09-24-cal-llama-x86t15,calibration,inference,x86-t15,x86,t15,run-1,True,,,,,,,0,1-15,15,,,,,,ok,ok,,,,,,,8,8931.1215205,8995.4839751,9014.410738049999,9589.41544967,9593.837766737,9594.655,8902.25200539024,0.4492631362224792,164,0,0,164,365.04219192999994,20992,57.50568143647735,14.42688107591075,67.31,8803.0115,True,,True,57.50568143647735,,,,,,,,,,,,,,,,,,,,,,,,,,,,
2026-09-24-cal-net-arm,calibration,net,arm-tuned,arm,tuned,run-1,True,,,,,,,0,1-15,15,,,,,,ok,ok,,,,,,,,,,,,,,,,,,,,,,,,,,True,,True,16.88908600476425,16.88908600476425,16.892969883024527,2560,12.882048856229813,60.10044456581244,16.888776434508067,16.892646890951685,2797,73.6056348748881,10.322668933550355,0.048,1.007,0.536,,0.056782232012405835,0.028894929238502554,,,,,,,,,,,,
2026-09-25-cal-llama-amd,calibration,inference,amd-tuned,amd,tuned,run-1,True,,,,,,,0,1-15,15,True,,,,,ok,ok,,,,,,,16,6532.869474,6592.701417,6667.825328499999,6690.7846276499995,6721.385273589001,6729.283677,6554.723165554548,0.6101428261759657,220,0,0,220,360.571313079,28160,78.09828175052361,19.78313478413878,62.7465,6419.6095000000005,True,,True,78.09828175052361,,,,,,,,,,,,,,,,,,,,,,,,,,,,
2026-09-25-task7-d1,task7-d1,go,amd-stock,amd,stock,run-1,True,28000,22400,,,,,7,"{""cpus"":15}",15,,,,,,ok,ok,,,,,,,,0.865411,2.5125443999999995,3.379716699999998,7.024695479999987,23.860513405000958,260.023762,1.3797975228816768,22388.160705537564,10746373,0.0,5715,10746373,480.002809938,,,,,,True,,True,28000,,,,,,,,,,,,,,,,,25000,crossing,29000,,True,,,,,,,
2026-09-25-task7-d1,task7-d1,go,amd-stock,amd,stock,run-2,True,26000,20800,,,,,8,"{""cpus"":15}",15,,,,,,ok,ok,,,,,,,,0.743677,1.2199817999999998,1.614624,2.7437409999999924,7.808428488000244,181.219271,0.9034146237124618,20790.821800375925,9979650,0.0,4442,9979650,480.002668478,,,,,,True,,True,26000,,,,,,,,,,,,,,,,,25000,crossing,27000,,False,,,,,,,
2026-09-25-task7-d1,task7-d1,go,amd-stock,amd,stock,run-3,True,28000,22400,,,,,8,"{""cpus"":15}",15,,,,,,ok,ok,,,,,,,,0.767459,1.5789611999999993,2.1527561499999996,4.042437009999998,14.080196260000454,374.207461,1.0464739759981414,22386.16205351522,10745419,0.0,6670,10745419,480.00278670499995,,,,,,True,,True,28000,,,,,,,,,,,,,,,,,25000,crossing,29000,,True,,,,,,,
2026-09-25-task7-d1,task7-d1,go,arm-stock,arm,stock,run-1,True,35000,28000,,,,,9,"{""cpus"":15}",15,,,,,,ok,ok,,,,,,,,0.716253,1.5426411000000004,1.9648220999999997,2.8209221000000015,8.20347214700251,225.126004,0.9300017919051966,27984.056083887226,13432406,0.0,7703,13432406,480.002080379,,,,,,True,,True,35000,,,,,,,,,,,,,,,,,35000,crossing,36000,,True,,,,,,,
2026-09-25-task7-d1,task7-d1,go,arm-stock,arm,stock,run-2,True,36000,28800,,,,,9,"{""cpus"":15}",15,,,,,,ok,ok,,,,,,,,0.714535,1.615123,2.046612,2.9149934000000246,8.399504568000168,10000.108233,0.9557906042773506,28783.078562507508,13815970,4.3428003969319565e-07,8120,13815970,480.00368286599996,,,,,,True,,True,36000,,,,,,,,,,,,,,,,,35000,crossing,37000,,True,,,,,,,
2026-09-25-task7-d1,task7-d1,go,arm-stock,arm,stock,run-3,True,36000,28800,,,,,9,"{""cpus"":15}",15,,,,,,ok,ok,,,,,,,,0.729897,1.6183842000000002,2.047706699999999,2.9261182200000007,8.201209860001182,10002.273568,0.9583646823861129,28784.518890946965,13816633,7.237653341447224e-08,7453,13816633,480.00232402399996,,,,,,True,,True,36000,,,,,,,,,,,,,,,,,35000,crossing,37000,,True,,,,,,,
2026-09-25-task7-d1,task7-d1,go,x86-stock,x86,stock,run-1,True,20000,16000,,,,,7,"{""cpus"":15}",15,,,,,,ok,ok,,,,,,,,0.946217,1.7447072,2.283656599999999,3.3609328799999973,7.909831073000244,299.874912,1.1635540860235194,15991.552730816224,7675985,0.0,4017,7675985,480.002517795,,,,,,True,,True,20000,,,,,,,,,,,,,,,,,20000,crossing,21000,,True,,,,,,,
2026-09-25-task7-d1,task7-d1,go,x86-stock,x86,stock,run-2,True,20000,16000,,,,,8,"{""cpus"":15}",15,,,,,,ok,ok,,,,,,,,0.941671,1.64191,2.1242145999999975,3.226171399999998,7.729518622000712,175.363972,1.135868306067569,15993.230530785115,7676788,0.0,3214,7676788,480.002565833,,,,,,True,,True,20000,,,,,,,,,,,,,,,,,20000,crossing,21000,,True,,,,,,,
2026-09-25-task7-d1,task7-d1,go,x86-stock,x86,stock,run-3,True,20000,16000,,,,,9,"{""cpus"":15}",15,,,,,,ok,ok,,,,,,,,0.933078,1.6187912000000007,2.1036939999999964,3.206722,8.383444360000237,231.098478,1.1259256507844462,15992.554550743625,7676471,0.0,3532,7676471,480.002619689,,,,,,True,,True,20000,,,,,,,,,,,,,,,,,20000,crossing,21000,,True,,,,,,,
2026-09-25-task7-d1,task7-d1,java,amd-stock,amd,stock,run-1,True,88000,70400,,,,,24,1-15,15,,,,,,ok,ok,,,"{""hikaricp.connections.active"": {""max"": 8.0, ""median"": 2.0, ""samples"": 39}, ""hikaricp.connections.pending"": {""max"": 0.0, ""median"": 0.0, ""samples"": 39}, ""tomcat.threads.busy"": {""max"": 18.0, ""median"": 9.0, ""samples"": 39}}",,dropped_iterations 34115 = 0.0010 of the offered iterations > 0.001,"2026-09-26 dropped_iterations rule 0.001 -> 0.0025 (R3, commit on main)",,0.757712,1.7121653000000008,2.229392699999999,4.024492700000003,7.612319784000129,220.985406,0.9957482416659867,70328.72988346161,33757995,0.0,34115,33757995,480.00285977500005,,,,,,True,,True,88000,,,,,,,,,,,,,,,,,80000,crossing,90000,,False,,,,,,,
2026-09-25-task7-d1,task7-d1,java,amd-stock,amd,stock,run-2,True,88000,70400,,,,,22,1-15,15,,,,,,ok,ok,,,"{""hikaricp.connections.active"": {""max"": 8.0, ""median"": 3.0, ""samples"": 39}, ""hikaricp.connections.pending"": {""max"": 0.0, ""median"": 0.0, ""samples"": 39}, ""tomcat.threads.busy"": {""max"": 15.0, ""median"": 10.0, ""samples"": 39}}",,,,,0.752934,1.698237,2.20259,4.0023338100000005,7.729687428000152,370.274848,0.9859539251619772,70336.14532394265,33761531,0.0,30579,33761531,480.002128486,,,,,,True,,True,88000,,,,,,,,,,,,,,,,,80000,crossing,90000,,False,,,,,,,
2026-09-25-task7-d1,task7-d1,java,amd-stock,amd,stock,run-3,True,88000,70400,,,,,24,1-15,15,,,,,,ok,ok,,,"{""hikaricp.connections.active"": {""max"": 8.0, ""median"": 3.0, ""samples"": 39}, ""hikaricp.connections.pending"": {""max"": 1.0, ""median"": 0.0, ""samples"": 39}, ""tomcat.threads.busy"": {""max"": 16.0, ""median"": 9.0, ""samples"": 39}}",,,,,0.73476,1.665824,2.148711,3.8679873999999947,7.039114668000024,230.749456,0.963568281519645,70338.76537783723,33762778,0.0,29333,33762778,480.00221503700004,,,,,,True,,True,88000,,,,,,,,,,,,,,,,,80000,crossing,90000,,False,,,,,,,
2026-09-25-task7-d1,task7-d1,java,amd-tuned,amd,tuned,run-1,True,90000,72000,,,,,23,1-15,15,True,,,,,ok,ok,,,"{""hikaricp.connections.active"": {""max"": 7.0, ""median"": 3.0, ""samples"": 39}, ""hikaricp.connections.pending"": {""max"": 0.0, ""median"": 0.0, ""samples"": 39}, ""tomcat.threads.busy"": {""max"": 16.0, ""median"": 10.0, ""samples"": 39}}",,,,,0.756427,1.6670380999999996,2.1022000999999975,3.804662870000001,7.469892461000055,231.922199,0.9811855790867551,71949.83854660892,34536189,0.0,24781,34536189,480.004595251,,,,,,True,,True,90000,,,,,,,,,,,,,,,,,90000,crossing,92000,,False,,,,,,,
2026-09-25-task7-d1,task7-d1,java,amd-tuned,amd,tuned,run-2,True,90000,72000,,,,,22,1-15,15,True,,,,,ok,ok,,,"{""hikaricp.connections.active"": {""max"": 6.0, ""median"": 2.0, ""samples"": 39}, ""hikaricp.connections.pending"": {""max"": 0.0, ""median"": 0.0, ""samples"": 38}, ""tomcat.threads.busy"": {""max"": 16.0, ""median"": 10.0, ""samples"": 39}}",,,,,0.758672,1.6695975999999997,2.100704799999999,3.7451197999999932,7.091368672000021,228.239385,0.9799659159683374,71932.96379067036,34528003,0.0,32968,34528003,480.002305511,,,,,,True,,True,90000,,,,,,,,,,,,,,,,,90000,crossing,92000,,False,,,,,,,
2026-09-25-task7-d1,task7-d1,java,amd-tuned,amd,tuned,run-3,True,90000,72000,,,,,23,1-15,15,True,,,,,ok,ok,,,"{""hikaricp.connections.active"": {""max"": 7.0, ""median"": 2.0, ""samples"": 39}, ""hikaricp.connections.pending"": {""max"": 0.0, ""median"": 0.0, ""samples"": 39}, ""tomcat.threads.busy"": {""max"": 15.0, ""median"": 9.0, ""samples"": 39}}",,,,,0.754918,1.653049,2.0743063999999984,3.715465399999991,7.036175892000064,170.683597,0.9745512309643783,71936.07730696605,34529501,0.0,31469,34529501,480.002339593,,,,,,True,,True,90000,,,,,,,,,,,,,,,,,90000,crossing,92000,,False,,,,,,,
2026-09-25-task7-d1,task7-d1,java,amd-tuned-vthreads,amd,tuned-vthreads,run-1,True,108000,86400,,,,,26,1-15,15,True,,,,,ok,ok,,,"{""hikaricp.connections.active"": {""max"": 10.0, ""median"": 3.0, ""samples"": 39}, ""hikaricp.connections.pending"": {""max"": 1.0, ""median"": 0.0, ""samples"": 39}, ""tomcat.threads.busy"": {""max"": -1.0, ""median"": -1.0, ""samples"": 39}}",,dropped_iterations 49615 = 0.0012 of the offered iterations > 0.001,"2026-09-26 dropped_iterations rule 0.001 -> 0.0025 (R3, b9207f3)",,0.529743,0.824157,1.163672,3.333062400000006,12.61894692400235,249.969618,0.673857736134422,86296.58957613664,41422653,0.0,49615,41422653,480.003012099,,,,,,True,,True,108000,,,,,,,,,,,,,,,,,100000,crossing,110000,,True,,,,,,,
2026-09-25-task7-d1,task7-d1,java,amd-tuned-vthreads,amd,tuned-vthreads,run-2,True,108000,86400,,,,,27,1-15,15,True,,,,,ok,ok,,,"{""hikaricp.connections.active"": {""max"": 10.0, ""median"": 3.0, ""samples"": 39}, ""hikaricp.connections.pending"": {""max"": 1.0, ""median"": 0.0, ""samples"": 39}, ""tomcat.threads.busy"": {""max"": -1.0, ""median"": -1.0, ""samples"": 39}}",,dropped_iterations 42002 = 0.0010 of the offered iterations > 0.001,"2026-09-26 dropped_iterations rule 0.001 -> 0.0025 (R3, b9207f3)",,0.514024,0.781457,1.0473279499999992,3.004394,6.842276507000427,235.887231,0.6212390769776419,86312.63925668845,41430269,0.0,42002,41430269,480.002311464,,,,,,True,,True,108000,,,,,,,,,,,,,,,,,100000,crossing,110000,,False,,,,,,,
2026-09-25-task7-d1,task7-d1,java,amd-tuned-vthreads,amd,tuned-vthreads,run-3,True,108000,86400,,,,,26,1-15,15,True,,,,,ok,ok,,,"{""hikaricp.connections.active"": {""max"": 7.0, ""median"": 2.0, ""samples"": 39}, ""hikaricp.connections.pending"": {""max"": 0.0, ""median"": 0.0, ""samples"": 39}, ""tomcat.threads.busy"": {""max"": -1.0, ""median"": -1.0, ""samples"": 39}}",,dropped_iterations 51220 = 0.0012 of the offered iterations > 0.001,"2026-09-26 dropped_iterations rule 0.001 -> 0.0025 (R3, b9207f3)",,0.510508,0.777639,1.035397,2.992965560000014,7.122753544000387,229.934259,0.621208228607751,86293.3831871508,41421047,0.0,51220,41421047,480.00210583,,,,,,True,,True,108000,,,,,,,,,,,,,,,,,100000,crossing,110000,,False,,,,,,,
2026-09-25-task7-d1,task7-d1,java,arm-stock,arm,stock,run-1,True,80000,64000,,,,,20,1-15,15,,,,,,ok,ok,,,"{""hikaricp.connections.active"": {""max"": 9.0, ""median"": 2.0, ""samples"": 39}, ""hikaricp.connections.pending"": {""max"": 0.0, ""median"": 0.0, ""samples"": 39}, ""tomcat.threads.busy"": {""max"": 20.0, ""median"": 9.0, ""samples"": 39}}",,,,,1.085949,2.823526300000001,3.6277544499999954,5.743294689999984,9.824359315000168,229.81438,1.4559514661750799,63950.023232439125,30696266,0.0,23733,30696266,480.005346695,,,,,,True,,True,80000,,,,,,,,,,,,,,,,,80000,crossing,82000,,False,,,,,,,
2026-09-25-task7-d1,task7-d1,java,arm-stock,arm,stock,run-2,True,80000,64000,,,,,22,1-15,15,,,,,,ok,ok,,,"{""hikaricp.connections.active"": {""max"": 7.0, ""median"": 3.0, ""samples"": 39}, ""hikaricp.connections.pending"": {""max"": 0.0, ""median"": 0.0, ""samples"": 39}, ""tomcat.threads.busy"": {""max"": 20.0, ""median"": 10.0, ""samples"": 39}}",,,,,1.0835635,2.802981,3.6048366999999994,5.720979280000016,9.662615516000068,260.327054,1.449745713442045,63961.75800123278,30701930,0.0,18071,30701930,480.00571289600003,,,,,,True,,True,80000,,,,,,,,,,,,,,,,,80000,crossing,82000,,False,,,,,,,
2026-09-25-task7-d1,task7-d1,java,arm-stock,arm,stock,run-3,True,82000,65600,,,,,22,1-15,15,,,,,,ok,ok,,,"{""hikaricp.connections.active"": {""max"": 7.0, ""median"": 3.0, ""samples"": 39}, ""hikaricp.connections.pending"": {""max"": 0.0, ""median"": 0.0, ""samples"": 39}, ""tomcat.threads.busy"": {""max"": 29.0, ""median"": 8.0, ""samples"": 39}}",,,,,1.099432,2.8672964000000025,3.7171606999999955,5.885718400000003,9.792502462000131,254.409972,1.4776872550375284,65539.66984588743,31459223,0.0,29610,31459223,480.00308808100004,,,,,,True,,True,82000,,,,,,,,,,,,,,,,,80000,crossing,84000,,False,,,,,,,
2026-09-25-task7-d1,task7-d1,java,arm-tuned,arm,tuned,run-1,True,80000,64000,,,,,20,1-15,15,,,,,,ok,ok,,,"{""hikaricp.connections.active"": {""max"": 7.0, ""median"": 2.0, ""samples"": 39}, ""hikaricp.connections.pending"": {""max"": 0.0, ""median"": 0.0, ""samples"": 39}, ""tomcat.threads.busy"": {""max"": 16.0, ""median"": 7.0, ""samples"": 39}}",,,,,0.85766,2.752968400000002,3.6216611999999953,5.613740680000001,8.806482640000153,332.030327,1.300028384247034,63952.04317407078,30697126,0.0,22877,30697126,480.00225501,,,,,,True,,True,80000,,,,,,,,,,,,,,,,,80000,crossing,82000,,False,,,,,,,
2026-09-25-task7-d1,task7-d1,java,arm-tuned,arm,tuned,run-2,True,86000,68800,,,,,21,1-15,15,,,,,,ok,ok,,,"{""hikaricp.connections.active"": {""max"": 8.0, ""median"": 2.0, ""samples"": 39}, ""hikaricp.connections.pending"": {""max"": 0.0, ""median"": 0.0, ""samples"": 39}, ""tomcat.threads.busy"": {""max"": 18.0, ""median"": 11.0, ""samples"": 39}}",,,,,1.060962,2.901215700000001,3.745507,5.848999349999996,9.510751335000263,229.755752,1.4638402885347668,68734.50135884294,32992794,0.0,32082,32992794,480.003491038,,,,,,True,,True,86000,,,,,,,,,,,,,,,,,80000,crossing,88000,,False,,,,,,,
2026-09-25-task7-d1,task7-d1,java,arm-tuned,arm,tuned,run-3,True,86000,68800,,,,,21,1-15,15,,,,,,ok,ok,,,"{""hikaricp.connections.active"": {""max"": 6.0, ""median"": 2.0, ""samples"": 39}, ""hikaricp.connections.pending"": {""max"": 1.0, ""median"": 0.0, ""samples"": 39}, ""tomcat.threads.busy"": {""max"": 17.0, ""median"": 8.0, ""samples"": 39}}",,,,,1.034793,2.867105,3.705427,5.771280029999999,9.4635970000001,1742.281835,1.4311808107441082,68747.14426455813,32998799,0.0,26078,32998799,480.002785154,,,,,,True,,True,86000,,,,,,,,,,,,,,,,,80000,crossing,88000,,False,,,,,,,
2026-09-25-task7-d1,task7-d1,java,arm-tuned-vthreads,arm,tuned-vthreads,run-1,True,110000,88000,,,,,27,1-15,15,,,,,,ok,ok,,,"{""hikaricp.connections.active"": {""max"": 9.0, ""median"": 4.0, ""samples"": 39}, ""hikaricp.connections.pending"": {""max"": 3.0, ""median"": 0.0, ""samples"": 39}, ""tomcat.threads.busy"": {""max"": -1.0, ""median"": -1.0, ""samples"": 39}}",,dropped_iterations 44851 = 0.0011 of the offered iterations > 0.001,"2026-09-26 dropped_iterations rule 0.001 -> 0.0025 (R3, commit on main)",,0.606886,0.8960448000000008,1.2968458999999986,3.693853580000013,11.805419185000256,229.578372,0.7557099293613048,87904.83671772113,42195659,0.0,44851,42195659,480.02734323699997,,,,,,True,,True,110000,,,,,,,,,,,,,,,,,100000,,,,False,,,,,,,
2026-09-25-task7-d1,task7-d1,java,arm-tuned-vthreads,arm,tuned-vthreads,run-2,True,108000,86400,,,,,26,1-15,15,,,,,,ok,ok,,,"{""hikaricp.connections.active"": {""max"": 10.0, ""median"": 4.0, ""samples"": 39}, ""hikaricp.connections.pending"": {""max"": 2.0, ""median"": 0.0, ""samples"": 39}, ""tomcat.threads.busy"": {""max"": -1.0, ""median"": -1.0, ""samples"": 39}}",,dropped_iterations 48966 = 0.0012 of the offered iterations > 0.001,"2026-09-26 dropped_iterations rule 0.001 -> 0.0025 (R3, commit on main)",,0.60448,0.881145,1.239857,3.4423514599999936,8.161625592000007,259.735799,0.7290580348371803,86298.07116414994,41423304,0.0,48966,41423304,480.0030883,,,,,,True,,True,108000,,,,,,,,,,,,,,,,,100000,crossing,110000,,True,,,,,,,
2026-09-25-task7-d1,task7-d1,java,arm-tuned-vthreads,arm,tuned-vthreads,run-3,True,108000,86400,,,,,26,1-15,15,,,,,,ok,ok,,,"{""hikaricp.connections.active"": {""max"": 9.0, ""median"": 3.0, ""samples"": 39}, ""hikaricp.connections.pending"": {""max"": 2.0, ""median"": 0.0, ""samples"": 39}, ""tomcat.threads.busy"": {""max"": -1.0, ""median"": -1.0, ""samples"": 39}}",,dropped_iterations 51508 = 0.0012 of the offered iterations > 0.001,"2026-09-26 dropped_iterations rule 0.001 -> 0.0025 (R3, commit on main)",,0.58832,0.8470785000000001,1.128251,3.2539309499999955,8.044994808000267,233.782759,0.706345903459676,86292.8594520446,41420760,0.0,51508,41420760,480.002265212,,,,,,True,,True,108000,,,,,,,,,,,,,,,,,100000,crossing,110000,,True,,,,,,,
2026-09-25-task7-d1,task7-d1,java,x86-smtoff,x86,smtoff,run-1,True,30000,24000,,,,,10,1-7,7,True,,,,,ok,ok,,,"{""hikaricp.connections.active"": {""max"": 5.0, ""median"": 1.0, ""samples"": 38}, ""hikaricp.connections.pending"": {""max"": 0.0, ""median"": 0.0, ""samples"": 38}, ""tomcat.threads.busy"": {""max"": 7.0, ""median"": 5.0, ""samples"": 38}}",,,,,0.986377,2.5706106000000033,3.351527199999999,5.41110068,10.016671688000082,241.262685,1.3530717027894783,23987.415084385088,11514016,0.0,6031,11514016,480.002731945,,,,,,True,,True,30000,,,,,,,,,,,,,,,,,30000,crossing,32000,,False,,,,,,,
2026-09-25-task7-d1,task7-d1,java,x86-smtoff,x86,smtoff,run-2,True,30000,24000,,,,,10,1-7,7,True,,,,,ok,ok,,,"{""hikaricp.connections.active"": {""max"": 4.0, ""median"": 1.0, ""samples"": 38}, ""hikaricp.connections.pending"": {""max"": 0.0, ""median"": 0.0, ""samples"": 38}, ""tomcat.threads.busy"": {""max"": 10.0, ""median"": 5.0, ""samples"": 38}}",,,,,0.985659,2.5854482,3.376631799999999,5.476723200000001,10.02285508800018,220.97361,1.3619086732065393,23986.57803425314,11513620,0.0,6429,11513620,480.002525586,,,,,,True,,True,30000,,,,,,,,,,,,,,,,,30000,crossing,32000,,False,,,,,,,
2026-09-25-task7-d1,task7-d1,java,x86-smtoff,x86,smtoff,run-3,True,30000,24000,,,,,10,1-7,7,True,,,,,ok,ok,,,"{""hikaricp.connections.active"": {""max"": 4.0, ""median"": 1.0, ""samples"": 38}, ""hikaricp.connections.pending"": {""max"": 0.0, ""median"": 0.0, ""samples"": 38}, ""tomcat.threads.busy"": {""max"": 8.0, ""median"": 5.0, ""samples"": 38}}",,,,,0.98991,2.6028016000000007,3.394411499999999,5.4806629,10.195780852001084,293.571092,1.36897458138006,23987.543872524868,11514071,0.0,5977,11514071,480.00203833800003,,,,,,True,,True,30000,,,,,,,,,,,,,,,,,30000,crossing,32000,,False,,,,,,,
2026-09-25-task7-d1,task7-d1,java,x86-stock,x86,stock,run-1,True,44000,35200,,,,,12,1-15,15,,,,,,ok,ok,,,"{""hikaricp.connections.active"": {""max"": 8.0, ""median"": 4.0, ""samples"": 38}, ""hikaricp.connections.pending"": {""max"": 0.0, ""median"": 0.0, ""samples"": 38}, ""tomcat.threads.busy"": {""max"": 16.0, ""median"": 12.0, ""samples"": 38}}",,,,,0.862559,2.0676435,2.637166,4.156132650000008,8.168995509000085,233.52838,1.1561254964961896,35182.8765207189,16887884,0.0,8172,16887884,480.002761868,,,,,,True,,True,44000,,,,,,,,,,,,,,,,,40000,crossing,46000,,True,,,,,,,
2026-09-25-task7-d1,task7-d1,java,x86-stock,x86,stock,run-2,True,46000,36800,,,,,14,1-15,15,,,,,,ok,ok,,,"{""hikaricp.connections.active"": {""max"": 9.0, ""median"": 3.0, ""samples"": 38}, ""hikaricp.connections.pending"": {""max"": 0.0, ""median"": 0.0, ""samples"": 38}, ""tomcat.threads.busy"": {""max"": 17.0, ""median"": 10.5, ""samples"": 38}}",,,,,0.910857,2.196394,2.792713,4.357907280000001,8.125809132000212,229.583658,1.2164183171462732,36775.21832980398,17652191,0.0,12082,17652191,480.00219892900003,,,,,,True,,True,46000,,,,,,,,,,,,,,,,,40000,crossing,48000,,False,,,,,,,
2026-09-25-task7-d1,task7-d1,java,x86-stock,x86,stock,run-3,True,48000,38400,,,,,14,1-15,15,,,,,,ok,ok,,,"{""hikaricp.connections.active"": {""max"": 8.0, ""median"": 3.0, ""samples"": 38}, ""hikaricp.connections.pending"": {""max"": 0.0, ""median"": 0.0, ""samples"": 38}, ""tomcat.threads.busy"": {""max"": 19.0, ""median"": 13.0, ""samples"": 38}}",,,,,0.951015,2.280474,2.8723855999999977,4.46361464,8.292969110000042,228.432827,1.2593737080882008,38380.96768838754,18422959,0.0,9159,18422959,480.002254934,,,,,,True,,True,48000,,,,,,,,,,,,,,,,,40000,crossing,50000,,True,,,,,,,
2026-09-25-task7-d1,task7-d1,java,x86-tuned,x86,tuned,run-1,True,54000,43200,,,,,15,1-15,15,True,,,,,ok,ok,,,"{""hikaricp.connections.active"": {""max"": 6.0, ""median"": 3.0, ""samples"": 38}, ""hikaricp.connections.pending"": {""max"": 1.0, ""median"": 0.0, ""samples"": 38}, ""tomcat.threads.busy"": {""max"": 17.0, ""median"": 10.0, ""samples"": 38}}",,,,,0.872564,2.0689474000000003,2.7350526999999993,4.555014960000008,8.779771342000082,229.139073,1.1585485076510682,43169.907135870075,20721674,0.0,14460,20721674,480.00296741600005,,,,,,True,,True,54000,,,,,,,,,,,,,,,,,50000,crossing,56000,,True,,,,,,,
2026-09-25-task7-d1,task7-d1,java,x86-tuned,x86,tuned,run-2,True,54000,43200,,,,,15,1-15,15,True,,,,,ok,ok,,,"{""hikaricp.connections.active"": {""max"": 8.0, ""median"": 3.0, ""samples"": 38}, ""hikaricp.connections.pending"": {""max"": 0.0, ""median"": 0.0, ""samples"": 38}, ""tomcat.threads.busy"": {""max"": 21.0, ""median"": 12.0, ""samples"": 38}}",,,,,0.867654,2.047227800000001,2.700539799999997,4.5145265199999995,8.541544560000522,312.067531,1.1496953762373083,43176.30612127353,20724779,0.0,11357,20724779,480.004523112,,,,,,True,,True,54000,,,,,,,,,,,,,,,,,50000,crossing,56000,,True,,,,,,,
2026-09-25-task7-d1,task7-d1,java,x86-tuned,x86,tuned,run-3,True,54000,43200,,,,,15,1-15,15,True,,,,,ok,ok,,,"{""hikaricp.connections.active"": {""max"": 7.0, ""median"": 2.5, ""samples"": 38}, ""hikaricp.connections.pending"": {""max"": 0.0, ""median"": 0.0, ""samples"": 38}, ""tomcat.threads.busy"": {""max"": 17.0, ""median"": 11.0, ""samples"": 38}}",,,,,0.865455,2.0520651999999995,2.711123299999999,4.490189339999989,8.38842562200043,320.191152,1.149293704572478,43166.257744193426,20719959,0.0,16179,20719959,480.00519071599996,,,,,,True,,True,54000,,,,,,,,,,,,,,,,,50000,crossing,56000,,True,,,,,,,
2026-09-25-task7-d1,task7-d1,java,x86-tuned-vthreads,x86,tuned-vthreads,run-1,True,56000,44800,,,,,16,1-15,15,True,,,,,ok,ok,,,"{""hikaricp.connections.active"": {""max"": 10.0, ""median"": 3.0, ""samples"": 39}, ""hikaricp.connections.pending"": {""max"": 2.0, ""median"": 0.0, ""samples"": 39}, ""tomcat.threads.busy"": {""max"": -1.0, ""median"": -1.0, ""samples"": 39}}",,,,,0.663341,0.926198,1.0899289499999991,2.7004369600000007,9.463344996000007,449.384735,0.7598938484615295,44774.9051383396,21492052,0.0,12363,21492052,480.002219068,,,,,,True,,True,56000,,,,,,,,,,,,,,,,,50000,crossing,58000,,True,,,,,,,
2026-09-25-task7-d1,task7-d1,java,x86-tuned-vthreads,x86,tuned-vthreads,run-2,True,56000,44800,,,,,17,1-15,15,True,,,,,ok,ok,,,"{""hikaricp.connections.active"": {""max"": 10.0, ""median"": 3.0, ""samples"": 39}, ""hikaricp.connections.pending"": {""max"": 2.0, ""median"": 0.0, ""samples"": 39}, ""tomcat.threads.busy"": {""max"": -1.0, ""median"": -1.0, ""samples"": 39}}",,,,,0.665555,0.928996,1.09453525,2.657687,6.920652816000044,230.806243,0.7526636677570363,44771.730495637836,21490529,0.0,13886,21490529,480.00228518,,,,,,True,,True,56000,,,,,,,,,,,,,,,,,50000,crossing,58000,,True,,,,,,,
2026-09-25-task7-d1,task7-d1,java,x86-tuned-vthreads,x86,tuned-vthreads,run-3,True,56000,44800,,,,,16,1-15,15,True,,,,,ok,ok,,,"{""hikaricp.connections.active"": {""max"": 8.0, ""median"": 2.0, ""samples"": 39}, ""hikaricp.connections.pending"": {""max"": 1.0, ""median"": 0.0, ""samples"": 39}, ""tomcat.threads.busy"": {""max"": -1.0, ""median"": -1.0, ""samples"": 39}}",,,,,0.662501,0.91737,1.065814,2.374526719999999,5.899405189000032,289.035519,0.7406569067208879,44771.02193882157,21490218,0.0,14197,21490218,480.002802508,,,,,,True,,True,56000,,,,,,,,,,,,,,,,,50000,crossing,58000,,True,,,,,,,
2026-09-26-ab-pg-clients,ab-test,postgres,arm-stock,arm,stock,run-1,True,,,230594,256,256,,8,1-15,15,,0.114,27.102,16,,ok,ok,,2.645,,,,,,0.419,0.565,0.624,0.805,1.543,26.946,0.443,,110629067.0,,,,480.0,,,,,,True,,True,230590.1,,,,,,,,,,,,,,,,,,,,,,pgbench.txt,230590.1,230590.1,,,0.0,2213060.0
2026-09-26-ab-pg-clients,ab-test,postgres,arm-stock,arm,stock,run-2,True,,,230594,256,256,,8,1-15,15,,2856.84,5427.627,16,,ok,ok,,2.656,,,,,,0.47,1.054,1.369,2.028,3.666,28.618,0.6001000000000001,,110616970.0,,,,480.0,,,,,,True,,True,230566.7,,,,,,,,,,,,,,,,,,,,,,pgbench.txt,230566.7,230566.7,,,0.0,2211167.0
2026-09-26-task7-d2,task7-d2,inference,amd-stock,amd,stock,run-1,True,,,,,,,0,1-15,15,,,,,,ok,ok,,,,,,,16,8028.5331685,8081.9835762,8083.89398835,8111.90973283,8159.627410441002,8170.009092,8009.109809838894,0.4993593121637284,180,0,0,180,360.461887093,23040,63.91799195695724,16.082022875351083,72.12700000000001,7897.0165,True,,True,63.91799195695724,,,,,,,,,,,,,,,,,,,,,,,,,,,,
2026-09-26-task7-d2,task7-d2,inference,amd-stock,amd,stock,run-2,True,,,,,,,0,1-15,15,,,,,,ok,ok,,,,,,,16,7980.395863,8033.7198986,8039.83890895,8066.97320782,8068.124187228999,8068.128403,7979.4458125760875,0.5012306351329818,184,0,0,184,367.096476358,23552,64.15752129702167,16.158957317823848,62.0415,7859.418,True,,True,64.15752129702167,,,,,,,,,,,,,,,,,,,,,,,,,,,,
2026-09-26-task7-d2,task7-d2,inference,amd-stock,amd,stock,run-3,True,,,,,,,0,1-15,15,,,,,,ok,ok,,,,,,,16,7977.2094959999995,8017.768453600001,8026.3087175,8065.96725211,8066.4324224,8066.474915,7974.777372717393,0.5015095664118909,184,0,0,184,366.892303404,23552,64.19322450072204,16.18944970532029,72.37950000000001,7844.615,True,,True,64.19322450072204,,,,,,,,,,,,,,,,,,,,,,,,,,,,
2026-09-26-task7-d2,task7-d2,inference,amd-tuned,amd,tuned,run-1,True,,,,,,,0,1-15,15,True,,,,,ok,ok,,,,,,,16,6643.9027005,6672.3265612000005,6678.40177805,6928.49411246,6966.733051385001,6977.441075,6646.008805168183,0.6017495279330903,220,0,0,220,365.600619174,28160,77.02393957543556,19.569450516036454,62.7715,6489.707,True,,True,77.02393957543556,,,,,,,,,,,,,,,,,,,,,,,,,,,,
2026-09-26-task7-d2,task7-d2,inference,amd-tuned,amd,tuned,run-2,True,,,,,,,0,1-15,15,True,,,,,ok,ok,,,,,,,16,6584.9766975,6600.623801399999,6602.5426965999995,6606.58564371,6609.822931461,6610.559052,6585.783404422726,0.6073262998432029,220,0,0,220,362.243492595,28160,77.73776637992997,19.590673698403503,50.574,6482.6765,True,,True,77.73776637992997,,,,,,,,,,,,,,,,,,,,,,,,,,,,
2026-09-26-task7-d2,task7-d2,inference,amd-tuned,amd,tuned,run-3,True,,,,,,,0,1-15,15,True,,,,,ok,ok,,,,,,,16,6622.891491,6632.4761805,6633.58354375,6638.48951437,6639.833497909,6639.840832,6607.129128345452,0.6053317337142026,220,0,0,220,363.43708374600004,28160,77.48246191541791,19.507139077431336,62.729,6510.437,True,,True,77.48246191541791,,,,,,,,,,,,,,,,,,,,,,,,,,,,
2026-09-26-task7-d2,task7-d2,inference,arm-stock,arm,stock,run-1,True,,,,,,,0,1-15,15,,,,,,ok,ok,,,,,,,16,5320.2697865,5337.6469545,5350.2159274,5512.0372273,5518.503258475001,5520.853987,5324.567718058821,0.7511742373580907,272,0,0,272,362.099745269,34816,96.15030238183562,24.236668987077216,40.3005,5239.994,True,,True,96.15030238183562,,,,,,,,,,,,,,,,,,,,,,,,,,,,
2026-09-26-task7-d2,task7-d2,inference,arm-stock,arm,stock,run-2,True,,,,,,,0,1-15,15,,,,,,ok,ok,,,,,,,16,5316.8955829999995,5334.7896266,5340.3370682,5343.33652659,5344.815294448,5345.353856,5318.157854080881,0.7520622294682324,272,0,0,272,361.672198579,34816,96.26396537193375,24.37871937443483,70.624,5209.461499999999,True,,True,96.26396537193375,,,,,,,,,,,,,,,,,,,,,,,,,,,,
2026-09-26-task7-d2,task7-d2,inference,arm-stock,arm,stock,run-3,True,,,,,,,0,1-15,15,,,,,,ok,ok,,,,,,,16,5315.342871,5330.6563837,5336.74835585,5352.27113465,5352.581527548,5352.682939,5316.554865841913,0.752288372056039,272,0,0,272,361.563477655,34816,96.292911623173,24.392794675801596,70.62899999999999,5206.4555,True,,True,96.292911623173,,,,,,,,,,,,,,,,,,,,,,,,,,,,
2026-09-26-task7-d2,task7-d2,inference,arm-tuned,arm,tuned,run-1,True,,,,,,,0,1-15,15,,,,,,ok,ok,,,,,,,16,5004.077601999999,5217.8934109,5384.0022868,5504.75607937,5536.814802865001,5549.636271,5031.102190652779,0.7949807734906907,288,0,0,288,362.272912256,36864,101.75753900680841,26.00113863215831,65.876,4884.4015,True,,True,101.75753900680841,,,,,,,,,,,,,,,,,,,,,,,,,,,,
2026-09-26-task7-d2,task7-d2,inference,arm-tuned,arm,tuned,run-2,True,,,,,,,0,1-15,15,,,,,,ok,ok,,,,,,,16,5112.0247265,5269.5025509,5290.0667528,5448.55459974,5457.470197807001,5457.471265,5117.232068433095,0.7815873931182585,284,0,0,284,363.363076862,36352,100.04318631913709,25.443948812420246,47.885999999999996,4991.364,True,,True,100.04318631913709,,,,,,,,,,,,,,,,,,,,,,,,,,,,
2026-09-26-task7-d2,task7-d2,inference,arm-tuned,arm,tuned,run-3,True,,,,,,,0,1-15,15,,,,,,ok,ok,,,,,,,16,5381.2805435,5562.2048952000005,5621.84047795,5680.22590253,5687.832479226,5687.883669,5388.79402074627,0.7421666224481199,268,0,0,268,361.104894634,34304,94.99732767335935,24.21467867661648,47.256,5244.7535,True,,True,94.99732767335935,,,,,,,,,,,,,,,,,,,,,,,,,,,,
2026-09-26-task7-d2,task7-d2,inference,x86-stock,x86,stock,run-1,True,,,,,,,0,1-15,15,,,,,,ok,ok,,,,,,,8,10820.979373999999,13291.4726649,13531.10122335,13776.98142815,13777.160370722,13777.183423,11298.27670121094,0.3540069064091061,128,0,0,128,361.574866712,16384,45.31288402036558,11.87802521377915,82.393,10692.012999999999,True,,True,45.31288402036558,,,,,,,,,,,,,,,,,,,,,,,,,,,,
2026-09-26-task7-d2,task7-d2,inference,x86-stock,x86,stock,run-2,True,,,,,,,0,1-15,15,,,,,,ok,ok,,,,,,,8,10821.746839,10846.226548,10938.195947,11077.15967655,11077.210177265,11077.21406,10831.059857882348,0.3692749896888853,136,0,0,136,368.289225638,17408,47.267198680177316,11.877011025794998,82.37950000000001,10692.926,True,,True,47.267198680177316,,,,,,,,,,,,,,,,,,,,,,,,,,,,
2026-09-26-task7-d2,task7-d2,inference,x86-stock,x86,stock,run-3,True,,,,,,,0,1-15,15,,,,,,ok,ok,,,,,,,8,10864.420270499999,13527.4438412,13643.8594749,13655.021099360001,13655.270388775001,13655.304469,11920.54582930646,0.3354967509927874,124,0,0,124,369.601194745,15872,42.94358412707679,11.831244715004697,83.01249999999999,10734.289,True,,True,42.94358412707679,,,,,,,,,,,,,,,,,,,,,,,,,,,,
2026-09-26-task7-d2,task7-d2,inference,x86-t8,x86,t8,run-1,True,,,,,,,0,1-15,15,True,,,,,ok,ok,,,,,,,8,10746.4286595,10827.338054,10844.185887250002,10922.1365438,10922.32407148,10922.327089,10755.945216411761,0.37185976340222127,136,0,0,136,365.72927050699997,17408,47.59804971548433,11.960007560371459,81.2865,10618.7225,True,,True,47.59804971548433,,,,,,,,,,,,,,,,,,,,,,,,,,,,
2026-09-26-task7-d2,task7-d2,inference,x86-t8,x86,t8,run-2,True,,,,,,,0,1-15,15,True,,,,,ok,ok,,,,,,,8,10775.380079999999,10854.8158355,10890.807542749999,10926.39417315,10926.72466917,10926.746223,10788.522389286762,0.3707156527173342,136,0,0,136,366.857992111,17408,47.45160354781878,11.962253048419452,80.9075,10616.729500000001,True,,True,47.45160354781878,,,,,,,,,,,,,,,,,,,,,,,,,,,,
2026-09-26-task7-d2,task7-d2,inference,x86-t8,x86,t8,run-3,True,,,,,,,0,1-15,15,True,,,,,ok,ok,,,,,,,8,10734.2852365,10793.490994,10799.8259405,10810.70112195,10810.97675238,10811.01936,10739.184953345586,0.3724384044371227,136,0,0,136,365.161053156,17408,47.67211576795171,11.967156487556927,81.525,10612.382000000001,True,,True,47.67211576795171,,,,,,,,,,,,,,,,,,,,,,,,,,,,
2026-09-26-task7-d2,task7-d2,inference,x86-tuned,x86,tuned,run-1,True,,,,,,,0,1-15,15,True,,,,,ok,ok,,,,,,,8,9192.548406,9303.0796765,9318.655707999998,9749.66873264,9787.952418524,9788.003261,9173.624599700002,0.4359503534972609,160,0,0,160,367.014268291,20480,55.8016452476494,14.072907860538775,70.7655,9024.432,True,,True,55.8016452476494,,,,,,,,,,,,,,,,,,,,,,,,,,,,
2026-09-26-task7-d2,task7-d2,inference,x86-tuned,x86,tuned,run-2,True,,,,,,,0,1-15,15,True,,,,,ok,ok,,,,,,,8,8945.998982000001,9109.404437000001,9145.415710649999,9162.18712458,9169.31394522,9169.33107,8961.769656085364,0.4462933979151015,164,0,0,164,367.471266136,20992,57.12555493313299,14.402696981183961,67.177,8817.793,True,,True,57.12555493313299,,,,,,,,,,,,,,,,,,,,,,,,,,,,
2026-09-26-task7-d2,task7-d2,inference,x86-tuned,x86,tuned,run-3,True,,,,,,,0,1-15,15,True,,,,,ok,ok,,,,,,,8,9123.802810000001,9262.6182471,9268.811563199999,9292.95878727,9294.736550704001,9295.037179,9091.04605739375,0.43987719208599085,160,0,0,160,363.737886116,20480,56.30428058700683,14.158709262775222,69.268,8969.7455,True,,True,56.30428058700683,,,,,,,,,,,,,,,,,,,,,,,,,,,,
2026-09-26-task7-d2,task7-d2,mongo,amd-stock,amd,stock,run-1,True,,,147874,,,128,48,1-15,15,,,,,20000000,ok,ok,"[807746, 68863, 6434, 618]",,,,,,,0.433,1.027,1.262,1.855,24.847,149.503,0.5995,,70979520.0,,,,480.0,,,,,,True,,True,147874.0,,,,,,,,,,,,,,,,,,,,,,ycsb.txt,147874.0,140483.8,7390.2,1.844,,
2026-09-26-task7-d2,task7-d2,mongo,amd-stock,amd,stock,run-2,True,,,147874,,,128,32,1-15,15,,,,,20000000,ok,ok,"[807746, 68863, 6434, 618]",,,,,,,0.443,1.039,1.272,1.878,23.919,116.095,0.609,,70979520.0,,,,480.0,,,,,,True,,True,147874.0,,,,,,,,,,,,,,,,,,,,,,ycsb.txt,147874.0,140479.6,7394.4,1.853,,
2026-09-26-task7-d2,task7-d2,mongo,amd-stock,amd,stock,run-3,True,,,147874,,,128,32,1-15,15,,,,,20000000,ok,ok,"[807746, 68863, 6434, 618]",,,,,,,0.433,1.006,1.238,1.822,22.079,147.711,0.5875,,70979520.0,,,,480.0,,,,,,True,,True,147874.0,,,,,,,,,,,,,,,,,,,,,,ycsb.txt,147874.0,140484.4,7389.6,1.8,,
2026-09-26-task7-d2,task7-d2,mongo,amd-tuned,amd,tuned,run-1,True,,,143626,,,256,37,1-15,15,True,,,,20000000,ok,ok,"[807556, 69045, 6424, 618]",,,,,,,0.55,1.97,2.611,4.335,96.639,215.039,1.3,,68940480.0,,,,480.0,,,,,,True,,True,143626.0,,,,,,,,,,,,,,,,,,,,,,ycsb.txt,143626.0,136443.6,7182.4,4.419,,
2026-09-26-task7-d2,task7-d2,mongo,amd-tuned,amd,tuned,run-2,True,,,143626,,,256,37,1-15,15,True,,,,20000000,ok,ok,"[807556, 69045, 6424, 618]",,,,,,,0.561,2.049,2.675,4.427,96.511,216.191,1.334,,68940480.0,,,,480.1,,,,,,True,,True,143596.1,,,,,,,,,,,,,,,,,,,,,,ycsb.txt,143596.1,136416.3,7179.8,4.515,,
2026-09-26-task7-d2,task7-d2,mongo,amd-tuned,amd,tuned,run-3,True,,,143626,,,256,37,1-15,15,True,,,,20000000,ok,ok,"[807556, 69045, 6424, 618]",,,,,,,0.532,1.917,2.549,4.219,95.359,378.879,1.2505,,68940480.0,,,,480.0,,,,,,True,,True,143626.0,,,,,,,,,,,,,,,,,,,,,,ycsb.txt,143626.0,136448.0,7178.0,4.315,,
2026-09-26-task7-d2,task7-d2,mongo,arm-stock,arm,stock,run-1,True,,,191846,,,256,57,1-15,15,,,,,20000000,ok,ok,"[807365, 69327, 6313, 641]",,,,,,,0.495,1.681,2.251,3.385,18.943,232.447,0.809,,92086080.0,,,,480.0,,,,,,True,,True,191846.0,,,,,,,,,,,,,,,,,,,,,,ycsb.txt,191846.0,182254.3,9591.7,3.231,,
2026-09-26-task7-d2,task7-d2,mongo,arm-stock,arm,stock,run-2,True,,,191846,,,256,48,1-15,15,,,,,20000000,ok,ok,"[807365, 69327, 6313, 641]",,,,,,,0.499,1.657,2.241,3.393,18.271,105.023,0.809,,92086080.0,,,,480.0,,,,,,True,,True,191846.0,,,,,,,,,,,,,,,,,,,,,,ycsb.txt,191846.0,182253.0,9593.0,3.219,,
2026-09-26-task7-d2,task7-d2,mongo,arm-stock,arm,stock,run-3,True,,,191846,,,256,49,1-15,15,,,,,20000000,ok,ok,"[807365, 69327, 6313, 641]",,,,,,,0.526,1.751,2.319,3.479,18.063,120.639,0.831,,92086080.0,,,,480.0,,,,,,True,,True,191846.0,,,,,,,,,,,,,,,,,,,,,,ycsb.txt,191846.0,182252.1,9593.9,3.339,,
2026-09-26-task7-d2,task7-d2,mongo,arm-tuned,arm,tuned,run-1,True,,,190930,,,256,62,1-15,15,,,,,20000000,ok,ok,"[807199, 69458, 6387, 613]",,,,,,,0.495,1.652,2.217,3.351,11.263,218.111,0.7845,,91646400.0,,,,480.0,,,,,,True,,True,190930.0,,,,,,,,,,,,,,,,,,,,,,ycsb.txt,190930.0,181388.7,9541.3,3.181,,
2026-09-26-task7-d2,task7-d2,mongo,arm-tuned,arm,tuned,run-2,True,,,190930,,,256,48,1-15,15,,,,,20000000,ok,ok,"[807199, 69458, 6387, 613]",,,,,,,0.482,1.557,2.123,3.237,9.887,217.343,0.7625,,91646400.0,,,,480.0,,,,,,True,,True,190930.0,,,,,,,,,,,,,,,,,,,,,,ycsb.txt,190930.0,181381.7,9548.3,3.071,,
2026-09-26-task7-d2,task7-d2,mongo,arm-tuned,arm,tuned,run-3,True,,,190930,,,256,48,1-15,15,,,,,20000000,ok,ok,"[807199, 69458, 6387, 613]",,,,,,,0.477,1.557,2.139,3.281,13.535,230.271,0.7635,,91646400.0,,,,480.0,,,,,,True,,True,190930.0,,,,,,,,,,,,,,,,,,,,,,ycsb.txt,190930.0,181377.9,9552.1,3.115,,
2026-09-26-task7-d2,task7-d2,mongo,x86-stock,x86,stock,run-1,True,,,147874,,,256,44,1-15,15,,,,,20000000,ok,ok,"[807420, 69357, 6220, 618]",,,,,,,0.641,1.782,2.233,3.241,5.647,145.279,0.9035,,70979520.0,,,,480.0,,,,,,True,,True,147874.0,,,,,,,,,,,,,,,,,,,,,,ycsb.txt,147874.0,140485.1,7388.9,3.163,,
2026-09-26-task7-d2,task7-d2,mongo,x86-stock,x86,stock,run-2,True,,,147874,,,256,38,1-15,15,,,,,20000000,ok,ok,"[807420, 69357, 6220, 618]",,,,,,,0.641,1.807,2.265,3.301,5.711,101.439,0.903,,70979520.0,,,,480.0,,,,,,True,,True,147874.0,,,,,,,,,,,,,,,,,,,,,,ycsb.txt,147874.0,140478.5,7395.5,3.207,,
2026-09-26-task7-d2,task7-d2,mongo,x86-stock,x86,stock,run-3,True,,,147874,,,256,38,1-15,15,,,,,20000000,ok,ok,"[807420, 69357, 6220, 618]",,,,,,,0.639,1.808,2.259,3.297,5.763,122.623,0.9105,,70979520.0,,,,480.0,,,,,,True,,True,147874.0,,,,,,,,,,,,,,,,,,,,,,ycsb.txt,147874.0,140479.7,7394.3,3.209,,
2026-09-26-task7-d2,task7-d2,mongo,x86-tuned,x86,tuned,run-1,True,,,150374,,,256,37,1-15,15,True,,,,20000000,ok,ok,"[807237, 69243, 6554, 884]",,,,,,,0.562,1.698,2.169,3.161,6.023,110.847,0.836,,72179520.0,,,,480.0,,,,,,True,,True,150374.0,,,,,,,,,,,,,,,,,,,,,,ycsb.txt,150374.0,142848.9,7525.1,3.087,,
2026-09-26-task7-d2,task7-d2,mongo,x86-tuned,x86,tuned,run-2,True,,,150374,,,256,38,1-15,15,True,,,,20000000,ok,ok,"[807237, 69243, 6554, 884]",,,,,,,0.574,1.728,2.197,3.219,6.195,120.383,0.8475,,72179520.0,,,,480.0,,,,,,True,,True,150374.0,,,,,,,,,,,,,,,,,,,,,,ycsb.txt,150374.0,142858.2,7515.8,3.143,,
2026-09-26-task7-d2,task7-d2,mongo,x86-tuned,x86,tuned,run-3,True,,,150374,,,256,39,1-15,15,True,,,,20000000,ok,ok,"[807237, 69243, 6554, 884]",,,,,,,0.607,1.804,2.269,3.327,6.807,117.439,0.8895,,72179520.0,,,,480.0,,,,,,True,,True,150374.0,,,,,,,,,,,,,,,,,,,,,,ycsb.txt,150374.0,142848.8,7525.2,3.243,,
2026-09-26-task7-d2,task7-d2,mongo-ebs125,arm-stock,arm,stock,run-1,True,,,194174,,,256,46,1-15,15,,,,,20000000,ok,ok,"[806962, 69648, 6470, 568]",,,fixed_over_slo: READ p99 22.98 ms > SLO 5 ms; fixed_underdelivered: TOTAL 133548 ops/s < 0.95 x 194174 ops/s target,,,,0.568,2.495,3.615,22.975,78.143,458.751,1.651,,93203520.0,,,,697.9,,,,,,True,fixed_over_slo: READ p99 22.98 ms > SLO 5 ms; fixed_underdelivered: TOTAL 133548 ops/s < 0.95 x 194174 ops/s target,False,133548.5,,,,,,,,,,,,,,,,,,,,,,ycsb.txt,133548.5,126871.1,6677.5,82.879,,
2026-09-26-task7-d2,task7-d2,mongo-ebs125,arm-stock,arm,stock,run-2,True,,,194174,,,256,47,1-15,15,,,,,20000000,ok,ok,"[806962, 69648, 6470, 568]",,,fixed_over_slo: READ p99 22.99 ms > SLO 5 ms; fixed_underdelivered: TOTAL 133148 ops/s < 0.95 x 194174 ops/s target,,,,0.571,2.529,3.731,22.991,77.695,438.783,1.6825,,93203520.0,,,,700.0,,,,,,True,fixed_over_slo: READ p99 22.99 ms > SLO 5 ms; fixed_underdelivered: TOTAL 133148 ops/s < 0.95 x 194174 ops/s target,False,133147.9,,,,,,,,,,,,,,,,,,,,,,ycsb.txt,133147.9,126490.3,6657.6,78.335,,
2026-09-26-task7-d2,task7-d2,mongo-ebs125,arm-stock,arm,stock,run-3,True,,,194174,,,256,47,1-15,15,,,,,20000000,ok,ok,"[806962, 69648, 6470, 568]",,,fixed_over_slo: READ p99 23.09 ms > SLO 5 ms; fixed_underdelivered: TOTAL 134726 ops/s < 0.95 x 194174 ops/s target,,,,0.56,2.523,3.665,23.087,78.271,459.775,1.6585,,93203520.0,,,,691.8,,,,,,True,fixed_over_slo: READ p99 23.09 ms > SLO 5 ms; fixed_underdelivered: TOTAL 134726 ops/s < 0.95 x 194174 ops/s target,False,134726.1,,,,,,,,,,,,,,,,,,,,,,ycsb.txt,134726.1,127985.4,6740.7,78.463,,
2026-09-26-task7-d2,task7-d2,net,amd-stock,amd,stock,run-1,True,,,,,,,0,1-15,15,,,,,,ok,ok,,,,,,,,,,,,,,,,,,,,,,,,,,True,,True,14.89380158948447,14.89380158948447,14.897215641107515,3773,7.08676932748114,31.567061080885832,14.89368560703944,14.897407683961315,2934,31.871905199985484,6.728107583775955,0.04,0.587,0.4895,,0.03672668772398583,0.030180575302834755,,,,,,,,,,,,
2026-09-26-task7-d2,task7-d2,net,amd-stock,amd,stock,run-2,True,,,,,,,0,1-15,15,,,,,,ok,ok,,,,,,,,,,,,,,,,,,,,,,,,,,True,,True,14.893853281156575,14.893853281156575,14.89731709288916,5027,6.690144230244542,32.83091332320344,14.89351704080097,14.897303261237406,3250,31.1425028714333,6.804370544779108,0.023,0.591,0.474,,0.03813653789101192,0.030281631851259847,,,,,,,,,,,,
2026-09-26-task7-d2,task7-d2,net,amd-stock,amd,stock,run-3,True,,,,,,,0,1-15,15,,,,,,ok,ok,,,,,,,,,,,,,,,,,,,,,,,,,,True,,True,14.893908130212424,14.893908130212424,14.8973769529461,5249,6.629980971678388,30.10724875135118,14.893510350898861,14.897002165276788,4423,31.11252703187091,7.2750681383170965,0.026,0.476,0.495,,0.030213695160853784,0.031490225537842705,,,,,,,,,,,,
2026-09-26-task7-d2,task7-d2,net,amd-tuned,amd,tuned,run-1,True,,,,,,,0,1-15,15,True,,,,,ok,ok,,,,,,,,,,,,,,,,,,,,,,,,,,True,,True,14.89395653801846,14.89395653801846,14.897630593220791,2774,6.4353698742425784,58.07986082193967,14.893560296588904,14.897149020967882,2313,57.42454594060488,6.072959458549117,0.037,1.085,0.531,,0.07036411025672493,0.0331686977567843,,,,,,,,,,,,
2026-09-26-task7-d2,task7-d2,net,amd-tuned,amd,tuned,run-2,True,,,,,,,0,1-15,15,True,,,,,ok,ok,,,,,,,,,,,,,,,,,,,,,,,,,,True,,True,14.893940694094796,14.893940694094796,14.897704870355078,2428,5.819386580023751,59.9181227851585,14.893580751220242,14.897296276934311,2368,58.89183531249085,6.05281847896111,0.017,1.189,0.536,,0.0786897184614599,0.03484722771973274,,,,,,,,,,,,
2026-09-26-task7-d2,task7-d2,net,amd-tuned,amd,tuned,run-3,True,,,,,,,0,1-15,15,True,,,,,ok,ok,,,,,,,,,,,,,,,,,,,,,,,,,,True,,True,14.893982480022894,14.893982480022894,14.897543344780148,2534,6.347170371196855,64.82570612014315,14.893544806394383,14.89733098053273,2401,57.4501298476975,6.735952146496456,0.041,1.225,0.563,,0.07949519220853685,0.03504874136987756,,,,,,,,,,,,
2026-09-26-task7-d2,task7-d2,net,arm-stock,arm,stock,run-1,True,,,,,,,0,1-15,15,,,,,,ok,ok,,,,,,,,,,,,,,,,,,,,,,,,,,True,,True,16.88894941866894,16.88894941866894,16.892737909964108,3806,10.317086784183815,39.79883881974557,16.888576939431275,16.891998164026806,6806,36.8411882045651,9.246523459670247,0.136,0.62,0.349,,0.028657792027311623,0.012612075059011619,,,,,,,,,,,,
2026-09-26-task7-d2,task7-d2,net,arm-stock,arm,stock,run-2,True,,,,,,,0,1-15,15,,,,,,ok,ok,,,,,,,,,,,,,,,,,,,,,,,,,,True,,True,16.88901479405199,16.88901479405199,16.892549334942633,3414,10.654920692447634,36.704320787772446,16.888689617609835,16.89245184084555,4026,40.019730556750154,9.20150923346353,0.027,0.539,0.389,,0.030315563473857412,0.02143446343063482,,,,,,,,,,,,
2026-09-26-task7-d2,task7-d2,net,arm-stock,arm,stock,run-3,True,,,,,,,0,1-15,15,,,,,,ok,ok,,,,,,,,,,,,,,,,,,,,,,,,,,True,,True,16.88874584473226,16.88874584473226,16.892200430362866,3433,10.884018853684015,32.2612068926009,16.888636345283647,16.892331480384776,3492,38.38477947413507,9.35101052456986,0.031,0.478,0.372,,0.026467329434022063,0.020191091395915354,,,,,,,,,,,,
2026-09-26-task7-d2,task7-d2,net,arm-tuned,arm,tuned,run-1,True,,,,,,,0,1-15,15,,,,,,ok,ok,,,,,,,,,,,,,,,,,,,,,,,,,,True,,True,16.889057578609886,16.889057578609886,16.892749191991836,2882,13.027563911165347,68.87261580733416,16.888759521488137,16.89230434886085,2796,73.2068275605539,10.208997664892848,0.034,1.119,0.479,,0.06424277938244229,0.026348886040671697,,,,,,,,,,,,
2026-09-26-task7-d2,task7-d2,net,arm-tuned,arm,tuned,run-2,True,,,,,,,0,1-15,15,,,,,,ok,ok,,,,,,,,,,,,,,,,,,,,,,,,,,True,,True,16.889083804536558,16.889083804536558,16.892673939146185,2952,13.391938198768107,69.2028193556717,16.888776434508067,16.892475729913237,2780,65.16305522561146,10.8095628159431,0.03,1.124,0.5,,0.06477556821087843,0.027829132668229915,,,,,,,,,,,,
2026-09-26-task7-d2,task7-d2,net,arm-tuned,arm,tuned,run-3,True,,,,,,,0,1-15,15,,,,,,ok,ok,,,,,,,,,,,,,,,,,,,,,,,,,,True,,True,16.88885406049085,16.88885406049085,16.89231539128717,3721,13.342405236987306,65.5248155811252,16.888742608467076,16.89237228191437,2824,70.4886320598801,10.577686332059068,0.03,1.022,0.499,,0.05873696323308563,0.027769977367342283,,,,,,,,,,,,
2026-09-26-task7-d2,task7-d2,net,x86-stock,x86,stock,run-1,True,,,,,,,0,1-15,15,,,,,,ok,ok,,,,,,,,,,,,,,,,,,,,,,,,,,True,,True,14.893792671792344,14.893792671792344,14.897270743826093,2710,12.589810653142397,93.3113221018882,14.893525285436107,14.896949296183001,3495,62.94745396251101,11.573643402067328,0.126,1.434,0.646,,0.08782182140061931,0.03491450076688634,,,,,,,,,,,,
2026-09-26-task7-d2,task7-d2,net,x86-stock,x86,stock,run-2,True,,,,,,,0,1-15,15,,,,,,ok,ok,,,,,,,,,,,,,,,,,,,,,,,,,,True,,True,14.89380381040295,14.89380381040295,14.897319102793258,4224,12.446051819576493,63.71916221589829,14.893494552965944,14.897171077601621,2939,82.46523674841146,12.094003117721927,0.029,1.024,0.654,,0.06680630500215246,0.04196463078408521,,,,,,,,,,,,
2026-09-26-task7-d2,task7-d2,net,x86-stock,x86,stock,run-3,True,,,,,,,0,1-15,15,,,,,,ok,ok,,,,,,,,,,,,,,,,,,,,,,,,,,True,,True,14.893741328499338,14.893741328499338,14.897180121475031,2640,13.023093158355275,86.3052160865279,14.893560048367169,14.897200039698957,4484,64.99758023853865,11.991729285564908,0.04,1.348,0.634,,0.08782212414936519,0.03988300970828813,,,,,,,,,,,,
2026-09-26-task7-d2,task7-d2,net,x86-tuned,x86,tuned,run-1,True,,,,,,,0,1-15,15,True,,,,,ok,ok,,,,,,,,,,,,,,,,,,,,,,,,,,True,,True,14.893539753297228,14.893539753297228,14.897100358036985,2480,13.461695306778362,76.60817780727918,14.8935964366484,14.897366276703824,2296,81.79900484959886,12.1217129697977,0.038,1.509,0.791,,0.09876765526303714,0.0505586413062131,,,,,,,,,,,,
2026-09-26-task7-d2,task7-d2,net,x86-tuned,x86,tuned,run-2,True,,,,,,,0,1-15,15,True,,,,,ok,ok,,,,,,,,,,,,,,,,,,,,,,,,,,True,,True,14.893881363303342,14.893881363303342,14.89750543505253,2217,11.297939774485979,81.32230176505092,14.8935739487971,14.897159737515754,2464,47.43746954281824,11.997310059402855,0.029,1.601,0.673,,0.10554669811411357,0.04324012505084541,,,,,,,,,,,,
2026-09-26-task7-d2,task7-d2,net,x86-tuned,x86,tuned,run-3,True,,,,,,,0,1-15,15,True,,,,,ok,ok,,,,,,,,,,,,,,,,,,,,,,,,,,True,,True,14.893880775954152,14.893880775954152,14.897418986467477,2291,11.378818189828149,84.64669885584706,14.893644893151563,14.897562236150987,2356,91.2040086406919,11.290203308811208,0.032,1.685,0.817,,0.1109851773937074,0.05270704422132159,,,,,,,,,,,,
2026-09-26-task7-d2,task7-d2,postgres,amd-stock,amd,stock,run-1,True,,,397568,256,256,,12,1-15,15,,0.318,46.072,16,,ok,ok,,3.873,,,,,,0.388,0.473,0.504,0.629,1.525,46.484,0.3998,,190734315.0,,,,480.0,,,,,,True,,True,397539.0,,,,,,,,,,,,,,,,,,,,,,pgbench.txt,397539.0,397539.0,,,0.0,3816241.0
2026-09-26-task7-d2,task7-d2,postgres,amd-stock,amd,stock,run-2,True,,,397568,256,256,,12,1-15,15,,0.308,48.157,16,,ok,ok,,3.866,,,,,,0.386,0.469,0.498,0.616,1.522,57.055,0.3977,,190716903.0,,,,480.0,,,,,,True,,True,397537.7,,,,,,,,,,,,,,,,,,,,,,pgbench.txt,397537.7,397537.7,,,0.0,3812709.0
2026-09-26-task7-d2,task7-d2,postgres,amd-stock,amd,stock,run-3,True,,,397568,256,256,,12,1-15,15,,0.317,49.643,16,,ok,ok,,3.879,,,,,,0.39,0.475,0.505,0.627,1.525,48.045,0.4013,,190731485.0,,,,480.0,,,,,,True,,True,397564.6,,,,,,,,,,,,,,,,,,,,,,pgbench.txt,397564.6,397564.6,,,0.0,3815701.0
2026-09-26-task7-d2,task7-d2,postgres,amd-tuned,amd,tuned,run-1,True,,,483788,256,256,,16,1-15,15,True,0.328,25.94,16,,ok,ok,,4.353,,,,,,0.365,0.443,0.473,0.529,0.615,24.335,0.37439999999999996,,232126769.0,,,,480.0,,,,,,True,,True,483816.8,,,,,,,,,,,,,,,,,,,,,,pgbench.txt,483816.8,483816.8,,,0.0,4642144.0
2026-09-26-task7-d2,task7-d2,postgres,amd-tuned,amd,tuned,run-2,True,,,483788,256,256,,14,1-15,15,True,0.317,27.815,16,,ok,ok,,4.391,,,,,,0.363,0.442,0.473,0.524,0.603,23.81,0.37260000000000004,,232099324.0,,,,480.0,,,,,,True,,True,483768.1,,,,,,,,,,,,,,,,,,,,,,pgbench.txt,483768.1,483768.1,,,0.0,4637587.0
2026-09-26-task7-d2,task7-d2,postgres,amd-tuned,amd,tuned,run-3,True,,,483788,256,256,,14,1-15,15,True,0.321,27.795,16,,ok,ok,,4.356,,,,,,0.364,0.443,0.474,0.527,0.609,24.846,0.3733,,232087217.0,,,,480.0,,,,,,True,,True,483780.8,,,,,,,,,,,,,,,,,,,,,,pgbench.txt,483780.8,483780.8,,,0.0,4640717.0
2026-09-26-task7-d2,task7-d2,postgres,arm-stock,arm,stock,run-1,True,,,221862,128,128,,7,1-15,15,,1.204,26.763,16,,ok,ok,,2.172,,,,,,0.362,0.506,0.555,0.689,1.383,217.951,0.385,,106455844.0,,,,480.0,,,,,,True,,True,221839.3,,,,,,,,,,,,,,,,,,,,,,pgbench.txt,221839.3,221839.3,,,0.0,2126711.0
2026-09-26-task7-d2,task7-d2,postgres,arm-stock,arm,stock,run-2,True,,,221862,128,128,,7,1-15,15,,2.176,51.795,16,,ok,ok,,2.212,,,,,,0.367,0.499,0.555,0.705,1.373,24.073,0.3891,,106472443.0,,,,480.0,,,,,,True,,True,221875.3,,,,,,,,,,,,,,,,,,,,,,pgbench.txt,221875.3,221875.3,,,0.0,2129784.0
2026-09-26-task7-d2,task7-d2,postgres,arm-stock,arm,stock,run-3,True,,,221862,128,128,,7,1-15,15,,1.348,35.78,16,,ok,ok,,2.203,,,,,,0.361,0.505,0.56,0.698,1.366,24.68,0.3842,,106455193.0,,,,480.0,,,,,,True,,True,221833.8,,,,,,,,,,,,,,,,,,,,,,pgbench.txt,221833.8,221833.8,,,0.0,2129536.0
2026-09-26-task7-d2,task7-d2,postgres,arm-tuned,arm,tuned,run-1,True,,,270738,256,256,,9,1-15,15,,0.188,56.131,16,,ok,ok,,2.981,,,,,,0.388,0.55,0.619,0.806,1.353,24.807,0.4148,,129870401.0,,,,480.0,,,,,,True,,True,270706.2,,,,,,,,,,,,,,,,,,,,,,pgbench.txt,270706.2,270706.2,,,0.0,2599243.0
2026-09-26-task7-d2,task7-d2,postgres,arm-tuned,arm,tuned,run-2,True,,,270738,256,256,,9,1-15,15,,0.187,68.882,16,,ok,ok,,2.988,,,,,,0.384,0.538,0.603,0.788,1.413,20.977,0.4099,,129862946.0,,,,480.0,,,,,,True,,True,270683.9,,,,,,,,,,,,,,,,,,,,,,pgbench.txt,270683.9,270683.9,,,0.0,2597103.0
2026-09-26-task7-d2,task7-d2,postgres,arm-tuned,arm,tuned,run-3,True,,,270738,256,256,,9,1-15,15,,0.18,40.472,16,,ok,ok,,2.985,,,,,,0.385,0.538,0.602,0.781,1.332,24.743,0.4099,,129888259.0,,,,480.0,,,,,,True,,True,270741.7,,,,,,,,,,,,,,,,,,,,,,pgbench.txt,270741.7,270741.7,,,0.0,2596147.0
2026-09-26-task7-d2,task7-d2,postgres,x86-stock,x86,stock,run-1,True,,,223960,128,128,,8,1-15,15,,0.373,22.743,16,,ok,ok,,2.346,,,,,,0.284,0.411,0.461,0.605,1.378,20.917,0.30510000000000004,,107468976.0,,,,480.0,,,,,,True,,True,223956.5,,,,,,,,,,,,,,,,,,,,,,pgbench.txt,223956.5,223956.5,,,0.0,2149729.0
2026-09-26-task7-d2,task7-d2,postgres,x86-stock,x86,stock,run-2,True,,,223960,128,128,,8,1-15,15,,0.37,22.946,16,,ok,ok,,2.362,,,,,,0.284,0.409,0.46,0.609,1.381,20.946,0.3048,,107463492.0,,,,480.0,,,,,,True,,True,223939.4,,,,,,,,,,,,,,,,,,,,,,pgbench.txt,223939.4,223939.4,,,0.0,2150136.0
2026-09-26-task7-d2,task7-d2,postgres,x86-stock,x86,stock,run-3,True,,,223960,128,128,,8,1-15,15,,0.38,22.381,16,,ok,ok,,2.365,,,,,,0.284,0.413,0.465,0.619,1.384,4.425,0.3058,,107503292.0,,,,480.0,,,,,,True,,True,224018.9,,,,,,,,,,,,,,,,,,,,,,pgbench.txt,224018.9,224018.9,,,0.0,2149132.0
2026-09-26-task7-d2,task7-d2,postgres,x86-tuned,x86,tuned,run-1,True,,,268790,256,256,,9,1-15,15,True,0.09,22.934,16,,ok,ok,,3.001,,,,,,0.359,0.461,0.503,0.598,0.774,24.275,0.3722,,128948211.0,,,,480.0,,,,,,True,,True,268770.4,,,,,,,,,,,,,,,,,,,,,,pgbench.txt,268770.4,268770.4,,,0.0,2581440.0
2026-09-26-task7-d2,task7-d2,postgres,x86-tuned,x86,tuned,run-2,True,,,268790,256,256,,9,1-15,15,True,0.09,26.14,16,,ok,ok,,2.982,,,,,,0.358,0.461,0.502,0.596,0.772,32.411,0.372,,128938035.0,,,,480.0,,,,,,True,,True,268783.6,,,,,,,,,,,,,,,,,,,,,,pgbench.txt,268783.6,268783.6,,,0.0,2578670.0
2026-09-26-task7-d2,task7-d2,postgres,x86-tuned,x86,tuned,run-3,True,,,268790,256,256,,9,1-15,15,True,0.091,25.943,16,,ok,ok,,2.974,,,,,,0.36,0.467,0.51,0.605,0.788,25.72,0.3743,,128959999.0,,,,480.0,,,,,,True,,True,268808.6,,,,,,,,,,,,,,,,,,,,,,pgbench.txt,268808.6,268808.6,,,0.0,2581220.0
2026-09-26-task7-d2,task7-d2,postgres-2x,arm-stock,arm,stock,run-1,True,,,230074,512,256,,8,1-15,15,,,,16,,ok,ok,,2.736,,fixed_generator_lagging: schedule lag p99 546.75 ms > 1.0 ms,,,,0.519,2.164,2.672,3.663,10.325,146.195,0.9225,,110355557.0,,,,480.0,,,,,,True,fixed_generator_lagging: schedule lag p99 546.75 ms > 1.0 ms,False,230071.3,,,,,,,,,,,,,,,,,,,,,,pgbench.txt,230071.3,230071.3,,,0.0,2206729.0
2026-09-26-task7-d2,task7-d2,postgres-2x,arm-stock,arm,stock,run-2,True,,,230074,512,256,,8,1-15,15,,,,16,,ok,ok,,2.743,,fixed_generator_lagging: schedule lag p99 811.65 ms > 1.0 ms,,,,0.529,2.184,2.682,3.702,10.505,135.299,0.9385,,110332463.0,,,,480.0,,,,,,True,fixed_generator_lagging: schedule lag p99 811.65 ms > 1.0 ms,False,230008.7,,,,,,,,,,,,,,,,,,,,,,pgbench.txt,230008.7,230008.7,,,0.0,2204157.0
2026-09-26-task7-d2,task7-d2,postgres-2x,arm-stock,arm,stock,run-3,True,,,230074,512,256,,8,1-15,15,,,,16,,ok,ok,,2.724,,fixed_generator_lagging: schedule lag p99 968.21 ms > 1.0 ms,,,,0.702,2.544,2.934,4.188,16.364,232.194,1.215,,110358237.0,,,,480.0,,,,,,True,fixed_generator_lagging: schedule lag p99 968.21 ms > 1.0 ms,False,230073.9,,,,,,,,,,,,,,,,,,,,,,pgbench.txt,230073.9,230073.9,,,0.0,2207118.0
2026-09-26-task7-d2,task7-d2,postgres-2x,arm-tuned,arm,tuned,run-1,True,,,271622,512,256,,10,1-15,15,,,,16,,ok,ok,,3.127,,,,,,0.438,0.614,0.682,0.844,1.233,39.359,0.4644,,130274416.0,,,,480.0,,,,,,True,,True,271614.4,,,,,,,,,,,,,,,,,,,,,,pgbench.txt,271614.4,271614.4,,,0.0,2605253.0
2026-09-26-task7-d2,task7-d2,postgres-2x,arm-tuned,arm,tuned,run-2,True,,,271622,512,256,,9,1-15,15,,,,16,,ok,ok,,3.12,,,,,,0.433,0.602,0.667,0.815,1.077,27.111,0.4577,,130269573.0,,,,480.0,,,,,,True,,True,271574.9,,,,,,,,,,,,,,,,,,,,,,pgbench.txt,271574.9,271574.9,,,0.0,2606265.0
2026-09-26-task7-d2,task7-d2,postgres-2x,arm-tuned,arm,tuned,run-3,True,,,271622,512,256,,9,1-15,15,,,,16,,ok,ok,,3.141,,,,,,0.436,0.607,0.673,0.825,1.102,37.586,0.4612,,130268314.0,,,,480.0,,,,,,True,,True,271566.6,,,,,,,,,,,,,,,,,,,,,,pgbench.txt,271566.6,271566.6,,,0.0,2604995.0
2026-09-27-task7-d3,task7-d3,go,amd-stock,amd,stock,run-1,True,30000,24000,,,,,12,"{""cpus"":15}",15,,,,,,ok,ok,,,,,,,,0.682917,1.6601764000000003,2.247465,3.8997479800000043,11.347268023000181,321.262506,0.9673908722332397,23987.794285969154,11514211,0.0,5837,11514211,480.002627807,,,,,,True,,True,30000,,,,,,,,,,,,,,,,,30000,crossing,31000,,True,,,,,,,
2026-09-27-task7-d3,task7-d3,go,amd-stock,amd,stock,run-2,True,30000,24000,,,,,8,"{""cpus"":15}",15,,,,,,ok,ok,,,,,,,,0.683042,1.5731596000000005,2.124989,3.774072,12.371793672001816,160.584656,0.950670813305187,23987.922016898316,11514274,0.0,5775,11514274,480.002787145,,,,,,True,,True,30000,,,,,,,,,,,,,,,,,30000,crossing,31000,,True,,,,,,,
2026-09-27-task7-d3,task7-d3,go,amd-stock,amd,stock,run-3,True,30000,24000,,,,,11,"{""cpus"":15}",15,,,,,,ok,ok,,,,,,,,0.676997,1.5330388,2.074920799999999,3.6238630399999914,10.844751716000463,395.227842,0.9408278295632866,23986.569072598322,11513612,0.0,6437,11513612,480.002915302,,,,,,True,,True,30000,,,,,,,,,,,,,,,,,30000,crossing,31000,,True,,,,,,,
2026-09-27-task7-d3,task7-d3,go,arm-stock,arm,stock,run-1,True,36000,28800,,,,,9,"{""cpus"":15}",15,,,,,,ok,ok,,,,,,,,0.73051,1.6097428000000007,2.061277,2.893615679999996,8.11554983800024,239.983168,0.9563806681179233,28783.885900133202,13816327,0.0,7764,13816327,480.002371205,,,,,,True,,True,36000,,,,,,,,,,,,,,,,,35000,crossing,37000,,True,,,,,,,
2026-09-27-task7-d3,task7-d3,go,arm-stock,arm,stock,run-2,True,37000,29600,,,,,9,"{""cpus"":15}",15,,,,,,ok,ok,,,,,,,,0.711642,1.473934,1.8790440999999996,2.743598220000001,8.548891046000364,331.187406,0.9183336507421985,29583.35146878505,14200083,0.0,8037,14200083,480.002937064,,,,,,True,,True,37000,,,,,,,,,,,,,,,,,35000,crossing,38000,,True,,,,,,,
2026-09-27-task7-d3,task7-d3,go,arm-stock,arm,stock,run-3,True,37000,29600,,,,,12,"{""cpus"":15}",15,,,,,,ok,ok,,,,,,,,0.712449,1.4679812,1.874042,2.75200762,8.239954926000657,242.28419,0.9190881584346897,29583.65800443672,14200247,0.0,7872,14200247,480.00341687,,,,,,True,,True,37000,,,,,,,,,,,,,,,,,35000,crossing,38000,,True,,,,,,,
2026-09-27-task7-d3,task7-d3,go,x86-stock,x86,stock,run-1,True,20000,16000,,,,,6,"{""cpus"":15}",15,,,,,,ok,ok,,,,,,,,0.944841,1.7345545999999996,2.291126999999994,3.37508948,16.196941600002212,239.378695,1.182274455110385,15993.068791355254,7676710,0.0,3292,7676710,480.002621729,,,,,,True,,True,20000,,,,,,,,,,,,,,,,,20000,crossing,21000,,True,,,,,,,
2026-09-27-task7-d3,task7-d3,go,x86-stock,x86,stock,run-2,True,20000,16000,,,,,8,"{""cpus"":15}",15,,,,,,ok,ok,,,,,,,,0.932383,1.6171427000000025,2.10108545,3.1959364999999997,8.781577924000914,396.817131,1.1385798756568746,15990.715579878311,7675584,0.0,4419,7675584,480.003057373,,,,,,True,,True,20000,,,,,,,,,,,,,,,,,20000,crossing,21000,,True,,,,,,,
2026-09-27-task7-d3,task7-d3,go,x86-stock,x86,stock,run-3,True,20000,16000,,,,,8,"{""cpus"":15}",15,,,,,,ok,ok,,,,,,,,0.927836,1.583495,2.0579807999999917,3.138702,8.378394616000703,169.406398,1.119787624095796,15992.215381346228,7676300,0.0,3701,7676300,480.002368624,,,,,,True,,True,20000,,,,,,,,,,,,,,,,,20000,crossing,21000,,True,,,,,,,
2026-09-27-task7-d3,task7-d3,inference,amd-stock,amd,stock,run-1,True,,,,,,,0,1-15,15,,,,,,ok,ok,,,,,,,16,7867.747279499999,7934.1370951,7943.12343825,8003.00609128,8003.120327699,8003.123795,7867.168279021746,0.5083844222175101,184,0,0,184,361.93083808,23552,65.0732060438413,16.39908727705307,61.139,7744.333500000001,True,,True,65.0732060438413,,,,,,,,,,,,,,,,,,,,,,,,,,,,
2026-09-27-task7-d3,task7-d3,inference,amd-stock,amd,stock,run-2,True,,,,,,,0,1-15,15,,,,,,ok,ok,,,,,,,16,7899.378371999999,7937.7506953,7944.27038595,7955.30647869,7955.948205323,7956.032462,7892.524802989135,0.5067713680018842,184,0,0,184,363.082864617,23552,64.86673510424117,16.314321218599048,60.3935,7784.5715,True,,True,64.86673510424117,,,,,,,,,,,,,,,,,,,,,,,,,,,,
2026-09-27-task7-d3,task7-d3,inference,amd-stock,amd,stock,run-3,True,,,,,,,0,1-15,15,,,,,,ok,ok,,,,,,,16,7889.186718,7938.4683638,7944.9384995,7946.31081815,7947.863195003,7948.201097,7879.367522722824,0.5075840295837016,184,0,0,184,362.501554966,23552,64.97075578671381,16.364901744241237,71.3075,7760.511,True,,True,64.97075578671381,,,,,,,,,,,,,,,,,,,,,,,,,,,,
2026-09-27-task7-d3,task7-d3,inference,amd-tuned,amd,tuned,run-1,True,,,,,,,0,1-15,15,True,,,,,ok,ok,,,,,,,16,6603.237983,6614.7406122,6617.50394025,6832.4034006,6832.653590051,6832.667753,6607.271339099998,0.6053522143793821,220,0,0,220,363.424787709,28160,77.48508344056091,19.537101455713696,50.778999999999996,6500.4525,True,,True,77.48508344056091,,,,,,,,,,,,,,,,,,,,,,,,,,,,
2026-09-27-task7-d3,task7-d3,inference,amd-tuned,amd,tuned,run-2,True,,,,,,,0,1-15,15,True,,,,,ok,ok,,,,,,,16,6622.580127499999,6634.8409077,6636.83558065,6650.2070066999995,6652.304806558,6652.331857,6622.792936877271,0.6039012186272972,220,0,0,220,364.29798982700004,28160,77.29935598429402,19.48120926192329,50.947,6519.1025,True,,True,77.29935598429402,,,,,,,,,,,,,,,,,,,,,,,,,,,,
2026-09-27-task7-d3,task7-d3,inference,amd-tuned,amd,tuned,run-3,True,,,,,,,0,1-15,15,True,,,,,ok,ok,,,,,,,16,6610.208961,6617.3108315,6621.7405345,6624.62739709,6625.316950711,6625.421311,6607.819718254547,0.6052688427807646,220,0,0,220,363.474846961,28160,77.47441187593788,19.547063750131997,63.14,6497.1395,True,,True,77.47441187593788,,,,,,,,,,,,,,,,,,,,,,,,,,,,
2026-09-27-task7-d3,task7-d3,inference,arm-stock,arm,stock,run-1,True,,,,,,,0,1-15,15,,,,,,ok,ok,,,,,,,16,5243.3581465,5266.252405499999,5301.450686,5493.96060725,5495.086166625,5495.192703,5252.840733144923,0.7614111579870034,276,0,0,276,362.48483766600003,35328,97.46062822233642,24.729258431909578,69.8175,5135.617,True,,True,97.46062822233642,,,,,,,,,,,,,,,,,,,,,,,,,,,,
2026-09-27-task7-d3,task7-d3,inference,arm-stock,arm,stock,run-2,True,,,,,,,0,1-15,15,,,,,,ok,ok,,,,,,,16,5245.0115845,5251.3629265,5253.5100555,5255.14403275,5258.953590075,5259.271107,5244.053994144934,0.7626865200344333,276,0,0,276,361.878691638,35328,97.62387456440746,24.71711553208064,69.6275,5138.139999999999,True,,True,97.62387456440746,,,,,,,,,,,,,,,,,,,,,,,,,,,,
2026-09-27-task7-d3,task7-d3,inference,arm-stock,arm,stock,run-3,True,,,,,,,0,1-15,15,,,,,,ok,ok,,,,,,,16,5243.8442165,5272.5478145,5297.79594825,5429.51316,5431.5365030250005,5431.587727,5248.30091762319,0.7620714882394499,276,0,0,276,362.170746786,35328,97.54515049464959,24.723811181339727,70.0155,5136.7485,True,,True,97.54515049464959,,,,,,,,,,,,,,,,,,,,,,,,,,,,
2026-09-27-task7-d3,task7-d3,inference,arm-tuned,arm,tuned,run-1,True,,,,,,,0,1-15,15,,,,,,ok,ok,,,,,,,16,4675.793661,4825.0003583,4891.16780975,5821.8016904400065,5943.829866075003,5967.048207,4691.4472615389595,0.8525313288351256,308,0,0,308,361.27704587799997,39424,109.12401009089609,27.754736854270966,62.8635,4575.7955,True,,True,109.12401009089609,,,,,,,,,,,,,,,,,,,,,,,,,,,,
2026-09-27-task7-d3,task7-d3,inference,arm-tuned,arm,tuned,run-2,True,,,,,,,0,1-15,15,,,,,,ok,ok,,,,,,,16,4758.250167,4943.1674387,4986.528235549999,5025.0080834499995,5048.748008024,5048.776124,4769.6466405493375,0.8385525565335941,304,0,0,304,362.529453439,38912,107.33472723630004,27.313152498043337,63.981,4649.7744999999995,True,,True,107.33472723630004,,,,,,,,,,,,,,,,,,,,,,,,,,,,
2026-09-27-task7-d3,task7-d3,inference,arm-tuned,arm,tuned,run-3,True,,,,,,,0,1-15,15,,,,,,ok,ok,,,,,,,16,4716.3900545,4889.5675614,4976.172430999999,5064.88866323,5089.993445667,5090.05617,4738.869058039475,0.8439970628045335,304,0,0,304,360.190826956,38912,108.03162403898028,27.593495235638308,63.541,4602.534,True,,True,108.03162403898028,,,,,,,,,,,,,,,,,,,,,,,,,,,,
2026-09-27-task7-d3,task7-d3,inference,x86-stock,x86,stock,run-1,True,,,,,,,0,1-15,15,,,,,,ok,ok,,,,,,,8,10780.349354,13384.7972519,13454.87260465,13517.07395665,13517.102745964,13517.10505,11753.988872870967,0.34025542069374015,124,0,0,124,364.432107348,15872,43.55269384879874,11.993817007788968,82.011,10588.797999999999,True,,True,43.55269384879874,,,,,,,,,,,,,,,,,,,,,,,,,,,,
2026-09-27-task7-d3,task7-d3,inference,x86-stock,x86,stock,run-2,True,,,,,,,0,1-15,15,,,,,,ok,ok,,,,,,,8,10581.6274775,13291.4671963,13354.6710398,13357.19891768,13357.559223631999,13357.602549,11116.87763526515,0.3597859195881528,132,0,0,132,366.884841272,16896,46.05259770728356,12.151014789638053,80.564,10451.802,True,,True,46.05259770728356,,,,,,,,,,,,,,,,,,,,,,,,,,,,
2026-09-27-task7-d3,task7-d3,inference,x86-stock,x86,stock,run-3,True,,,,,,,0,1-15,15,,,,,,ok,ok,,,,,,,8,12923.635628,13275.572646499999,13281.00820265,13284.56832516,13284.761094484,13284.78301,12201.663263391667,0.3277946937691522,120,0,0,120,366.082802074,15360,41.95772080245148,9.944050801147363,81.57650000000001,12775.3575,True,,True,41.95772080245148,,,,,,,,,,,,,,,,,,,,,,,,,,,,
2026-09-27-task7-d3,task7-d3,inference,x86-tuned,x86,tuned,run-1,True,,,,,,,0,1-15,15,True,,,,,ok,ok,,,,,,,8,8814.569777,8949.0884514,8969.36591185,9418.38091862,9421.928978324,9422.003869,8816.384734286581,0.4536515322033203,164,0,0,164,361.510957989,20992,58.067396122024995,14.62835174989241,66.127,8681.771,True,,True,58.067396122024995,,,,,,,,,,,,,,,,,,,,,,,,,,,,
2026-09-27-task7-d3,task7-d3,inference,x86-tuned,x86,tuned,run-2,True,,,,,,,0,1-15,15,True,,,,,ok,ok,,,,,,,8,8748.1988265,8824.3047948,8849.63848605,8907.16827164,8907.376500364999,8907.406962,8684.757910494047,0.4605221028277407,168,0,0,168,364.803337274,21504,58.94682916195081,14.713468239789382,65.09700000000001,8631.5475,True,,True,58.94682916195081,,,,,,,,,,,,,,,,,,,,,,,,,,,,
2026-09-27-task7-d3,task7-d3,inference,x86-tuned,x86,tuned,run-3,True,,,,,,,0,1-15,15,True,,,,,ok,ok,,,,,,,8,8718.9304165,8847.901740000001,8858.188495,8870.35312446,8875.445138422,8876.431229,8723.332428208332,0.4584959362165123,168,0,0,168,366.415461359,21504,58.687479835713575,14.790377269686843,64.887,8586.664,True,,True,58.687479835713575,,,,,,,,,,,,,,,,,,,,,,,,,,,,
2026-09-27-task7-d3,task7-d3,java,amd-stock,amd,stock,run-1,True,90000,72000,,,,,22,1-15,15,,,,,,ok,ok,,,"{""hikaricp.connections.active"": {""max"": 6.0, ""median"": 3.0, ""samples"": 39}, ""hikaricp.connections.pending"": {""max"": 0.0, ""median"": 0.0, ""samples"": 39}, ""tomcat.threads.busy"": {""max"": 16.0, ""median"": 9.0, ""samples"": 39}}",,,,,0.7411985000000001,1.761234,2.308088,4.110730609999985,7.587869775000047,243.687623,0.9944410458300943,71929.55392895194,34526390,0.0,34581,34526390,480.00281077,,,,,,True,,True,90000,,,,,,,,,,,,,,,,,80000,,,,False,,,,,,,
2026-09-27-task7-d3,task7-d3,java,amd-stock,amd,stock,run-2,True,90000,72000,,,,,23,1-15,15,,,,,,ok,ok,,,"{""hikaricp.connections.active"": {""max"": 10.0, ""median"": 2.0, ""samples"": 39}, ""hikaricp.connections.pending"": {""max"": 1.0, ""median"": 0.0, ""samples"": 39}, ""tomcat.threads.busy"": {""max"": 15.0, ""median"": 10.0, ""samples"": 39}}",,,,,0.736303,1.7287197000000012,2.246568699999999,3.9922395799999832,7.321996544000208,459.446477,0.9853759236235825,71919.39603733318,34521508,0.0,39462,34521508,480.003108284,,,,,,True,,True,90000,,,,,,,,,,,,,,,,,80000,,,,False,,,,,,,
2026-09-27-task7-d3,task7-d3,java,amd-stock,amd,stock,run-3,True,88000,70400,,,,,22,1-15,15,,,,,,ok,ok,,,"{""hikaricp.connections.active"": {""max"": 7.0, ""median"": 3.0, ""samples"": 39}, ""hikaricp.connections.pending"": {""max"": 0.0, ""median"": 0.0, ""samples"": 39}, ""tomcat.threads.busy"": {""max"": 16.0, ""median"": 10.0, ""samples"": 39}}",,,,,0.713975,1.6417527000000012,2.1088622499999996,3.8142641000000017,7.235312320000202,229.129781,0.9405290809092156,70334.25418065698,33760630,0.0,31480,33760630,480.00292780300003,,,,,,True,,True,88000,,,,,,,,,,,,,,,,,80000,crossing,90000,,False,,,,,,,
2026-09-27-task7-d3,task7-d3,java,amd-tuned,amd,tuned,run-1,True,90000,72000,,,,,22,1-15,15,True,,,,,ok,ok,,,"{""hikaricp.connections.active"": {""max"": 6.0, ""median"": 3.0, ""samples"": 39}, ""hikaricp.connections.pending"": {""max"": 0.0, ""median"": 0.0, ""samples"": 39}, ""tomcat.threads.busy"": {""max"": 18.0, ""median"": 9.0, ""samples"": 39}}",,,,,0.632624,1.564866,2.0554365999999997,3.751684,7.426490100000344,233.476607,0.8664435234936705,71948.37694666654,34535410,0.0,25561,34535410,480.00246471099996,,,,,,True,,True,90000,,,,,,,,,,,,,,,,,80000,,,,False,,,,,,,
2026-09-27-task7-d3,task7-d3,java,amd-tuned,amd,tuned,run-2,True,90000,72000,,,,,23,1-15,15,True,,,,,ok,ok,,,"{""hikaricp.connections.active"": {""max"": 8.0, ""median"": 2.0, ""samples"": 39}, ""hikaricp.connections.pending"": {""max"": 0.0, ""median"": 0.0, ""samples"": 39}, ""tomcat.threads.busy"": {""max"": 15.0, ""median"": 10.0, ""samples"": 39}}",,,,,0.623088,1.5423030999999996,2.007732,3.6709240500000044,7.069455257000015,230.138892,0.8501634133992384,71938.75559016931,34530902,0.0,30069,34530902,480.005553276,,,,,,True,,True,90000,,,,,,,,,,,,,,,,,80000,,,,False,,,,,,,
2026-09-27-task7-d3,task7-d3,java,amd-tuned,amd,tuned,run-3,True,90000,72000,,,,,22,1-15,15,True,,,,,ok,ok,,,"{""hikaricp.connections.active"": {""max"": 6.0, ""median"": 2.0, ""samples"": 39}, ""hikaricp.connections.pending"": {""max"": 0.0, ""median"": 0.0, ""samples"": 39}, ""tomcat.threads.busy"": {""max"": 15.0, ""median"": 10.0, ""samples"": 39}}",,,,,0.626053,1.549105,2.009664199999999,3.6398927600000053,7.029243635000195,250.632122,0.8522467760939458,71938.6664923438,34530723,0.0,30248,34530723,480.002167051,,,,,,True,,True,90000,,,,,,,,,,,,,,,,,80000,,,,False,,,,,,,
2026-09-27-task7-d3,task7-d3,java,amd-tuned-vthreads,amd,tuned-vthreads,run-1,True,100000,80000,,,,,26,1-15,15,True,,,,,ok,ok,,,"{""hikaricp.connections.active"": {""max"": 10.0, ""median"": 2.0, ""samples"": 39}, ""hikaricp.connections.pending"": {""max"": 1.0, ""median"": 0.0, ""samples"": 39}, ""tomcat.threads.busy"": {""max"": -1.0, ""median"": -1.0, ""samples"": 39}}",,,,,0.511748,0.717388,0.898815,2.8717234800000004,9.012311700001938,268.828871,0.6189237426698696,79912.0141420836,38357948,0.0,42054,38357948,480.002349107,,,,,,True,,True,100000,,,,,,,,,,,,,,,,,100000,crossing,102000,,False,,,,,,,
2026-09-27-task7-d3,task7-d3,java,amd-tuned-vthreads,amd,tuned-vthreads,run-2,True,110000,88000,,,,,26,1-15,15,True,,,,,ok,ok,,,"{""hikaricp.connections.active"": {""max"": 9.0, ""median"": 3.0, ""samples"": 38}, ""hikaricp.connections.pending"": {""max"": 1.0, ""median"": 0.0, ""samples"": 37}, ""tomcat.threads.busy"": {""max"": -1.0, ""median"": -1.0, ""samples"": 38}}",,,,,0.618165,0.888434,1.1623236499999985,3.153706950000018,7.360817531001005,237.689559,0.7266909150646319,87895.45982674502,42190090,0.0,50423,42190090,480.002735864,,,,,,True,,True,110000,,,,,,,,,,,,,,,,,100000,,,,False,,,,,,,
2026-09-27-task7-d3,task7-d3,java,amd-tuned-vthreads,amd,tuned-vthreads,run-3,True,110000,88000,,,,,26,1-15,15,True,,,,,ok,ok,,,"{""hikaricp.connections.active"": {""max"": 10.0, ""median"": 3.0, ""samples"": 39}, ""hikaricp.connections.pending"": {""max"": 2.0, ""median"": 0.0, ""samples"": 39}, ""tomcat.threads.busy"": {""max"": -1.0, ""median"": -1.0, ""samples"": 39}}",,,,,0.622854,0.900751,1.2454633999999984,3.3600853199999707,7.695384408000112,230.082825,0.7425042912196567,87899.37540646776,42191957,0.0,48551,42191957,480.00275989200003,,,,,,True,,True,110000,,,,,,,,,,,,,,,,,100000,,,,False,,,,,,,
2026-09-27-task7-d3,task7-d3,java,arm-stock,arm,stock,run-1,True,80000,64000,,,,,20,1-15,15,,,,,,ok,ok,,,"{""hikaricp.connections.active"": {""max"": 7.0, ""median"": 3.0, ""samples"": 39}, ""hikaricp.connections.pending"": {""max"": 0.0, ""median"": 0.0, ""samples"": 39}, ""tomcat.threads.busy"": {""max"": 27.0, ""median"": 10.0, ""samples"": 39}}",,,,,1.1310605,2.979467,3.8198658999999986,5.989728119999975,10.195360268000107,269.423909,1.5196400501452647,63949.959863555996,30696145,0.0,23857,30696145,480.002319987,,,,,,True,,True,80000,,,,,,,,,,,,,,,,,70000,,,,False,,,,,,,
2026-09-27-task7-d3,task7-d3,java,arm-stock,arm,stock,run-2,True,80000,64000,,,,,22,1-15,15,,,,,,ok,ok,,,"{""hikaricp.connections.active"": {""max"": 7.0, ""median"": 3.0, ""samples"": 39}, ""hikaricp.connections.pending"": {""max"": 0.0, ""median"": 0.0, ""samples"": 39}, ""tomcat.threads.busy"": {""max"": 20.0, ""median"": 10.0, ""samples"": 39}}",,,,,1.128725,2.961562,3.786694,5.873848360000004,10.148970000000263,229.143055,1.5109533871053427,63954.70488069417,30698398,0.0,21605,30698398,480.002171677,,,,,,True,,True,80000,,,,,,,,,,,,,,,,,70000,,,,False,,,,,,,
2026-09-27-task7-d3,task7-d3,java,arm-stock,arm,stock,run-3,True,80000,64000,,,,,20,1-15,15,,,,,,ok,ok,,,"{""hikaricp.connections.active"": {""max"": 9.0, ""median"": 2.0, ""samples"": 39}, ""hikaricp.connections.pending"": {""max"": 0.0, ""median"": 0.0, ""samples"": 39}, ""tomcat.threads.busy"": {""max"": 19.0, ""median"": 9.0, ""samples"": 39}}",,,,,1.125998,2.9572384,3.804388,5.971611,9.839187216000184,274.820879,1.5114478102956677,63946.87644951018,30694662,0.0,25341,30694662,480.002741154,,,,,,True,,True,80000,,,,,,,,,,,,,,,,,70000,,,,False,,,,,,,
2026-09-27-task7-d3,task7-d3,java,arm-tuned,arm,tuned,run-1,True,90000,72000,,,,,22,1-15,15,,,,,,ok,ok,,,"{""hikaricp.connections.active"": {""max"": 6.0, ""median"": 3.0, ""samples"": 39}, ""hikaricp.connections.pending"": {""max"": 0.0, ""median"": 0.0, ""samples"": 39}, ""tomcat.threads.busy"": {""max"": 18.0, ""median"": 8.0, ""samples"": 39}}",,,,,1.086301,2.993022,3.858048,6.030112799999997,10.072693960000008,301.180114,1.5004928620950997,71941.97180068726,34532364,0.0,28606,34532364,480.00361756,,,,,,True,,True,90000,,,,,,,,,,,,,,,,,80000,,,,False,,,,,,,
2026-09-27-task7-d3,task7-d3,java,arm-tuned,arm,tuned,run-2,True,90000,72000,,,,,22,1-15,15,,,,,,ok,ok,,,"{""hikaricp.connections.active"": {""max"": 8.0, ""median"": 3.0, ""samples"": 39}, ""hikaricp.connections.pending"": {""max"": 0.0, ""median"": 0.0, ""samples"": 39}, ""tomcat.threads.busy"": {""max"": 24.0, ""median"": 10.0, ""samples"": 39}}",,,,,1.092289,3.013554,3.9121348499999997,6.336584420000017,12.345716146000028,232.630075,1.5200147066554943,71943.27484466444,34532962,0.0,28008,34532962,480.002580464,,,,,,True,,True,90000,,,,,,,,,,,,,,,,,80000,,,,False,,,,,,,
2026-09-27-task7-d3,task7-d3,java,arm-tuned,arm,tuned,run-3,True,86000,68800,,,,,21,1-15,15,,,,,,ok,ok,,,"{""hikaricp.connections.active"": {""max"": 8.0, ""median"": 2.0, ""samples"": 39}, ""hikaricp.connections.pending"": {""max"": 0.0, ""median"": 0.0, ""samples"": 39}, ""tomcat.threads.busy"": {""max"": 18.0, ""median"": 9.0, ""samples"": 39}}",,,,,1.03529,2.905449200000001,3.7581021,5.820296660000004,9.504619356000088,229.897915,1.4415509783589864,68748.4177163668,32999424,0.0,25452,32999424,480.00237106699996,,,,,,True,,True,86000,,,,,,,,,,,,,,,,,80000,crossing,88000,,False,,,,,,,
2026-09-27-task7-d3,task7-d3,java,arm-tuned-vthreads,arm,tuned-vthreads,run-1,True,100000,80000,,,,,25,1-15,15,,,,,,ok,ok,,,"{""hikaricp.connections.active"": {""max"": 7.0, ""median"": 3.0, ""samples"": 39}, ""hikaricp.connections.pending"": {""max"": 1.0, ""median"": 0.0, ""samples"": 39}, ""tomcat.threads.busy"": {""max"": -1.0, ""median"": -1.0, ""samples"": 39}}",,,,,0.554274,0.805601,0.979986,2.946670129999999,11.210554943000258,307.212321,0.6709928628822507,79925.61816429134,38364546,0.0,35458,38364546,480.003124396,,,,,,True,,True,100000,,,,,,,,,,,,,,,,,100000,crossing,102000,,False,,,,,,,
2026-09-27-task7-d3,task7-d3,java,arm-tuned-vthreads,arm,tuned-vthreads,run-2,True,110000,88000,,,,,27,1-15,15,,,,,,ok,ok,,,"{""hikaricp.connections.active"": {""max"": 10.0, ""median"": 3.0, ""samples"": 39}, ""hikaricp.connections.pending"": {""max"": 2.0, ""median"": 0.0, ""samples"": 39}, ""tomcat.threads.busy"": {""max"": -1.0, ""median"": -1.0, ""samples"": 39}}",,,,,0.596133,0.871856,1.163302,3.2468043500000014,8.089194425000011,219.912907,0.7138462397562108,87918.65916634933,42201182,0.0,39332,42201182,480.002338601,,,,,,True,,True,110000,,,,,,,,,,,,,,,,,100000,,,,False,,,,,,,
2026-09-27-task7-d3,task7-d3,java,arm-tuned-vthreads,arm,tuned-vthreads,run-3,True,110000,88000,,,,,26,1-15,15,,,,,,ok,ok,,,"{""hikaricp.connections.active"": {""max"": 10.0, ""median"": 3.0, ""samples"": 39}, ""hikaricp.connections.pending"": {""max"": 4.0, ""median"": 0.0, ""samples"": 39}, ""tomcat.threads.busy"": {""max"": -1.0, ""median"": -1.0, ""samples"": 39}}",,,,,0.598052,0.882994,1.19292,3.3563095999999906,8.295671032000042,219.049118,0.7193693926768339,87891.52708516948,42188148,0.0,52362,42188148,480.002743872,,,,,,True,,True,110000,,,,,,,,,,,,,,,,,100000,,,,False,,,,,,,
2026-09-27-task7-d3,task7-d3,java,x86-stock,x86,stock,run-1,True,46000,36800,,,,,14,1-15,15,,,,,,ok,ok,,,"{""hikaricp.connections.active"": {""max"": 10.0, ""median"": 3.0, ""samples"": 38}, ""hikaricp.connections.pending"": {""max"": 2.0, ""median"": 0.0, ""samples"": 38}, ""tomcat.threads.busy"": {""max"": 21.0, ""median"": 10.5, ""samples"": 38}}",,,,,1.028111,2.472237,3.0962038999999995,4.731922880000003,9.147549838000126,263.464554,1.3583638321367162,36781.2118578822,17655081,0.0,9189,17655081,480.002601193,,,,,,True,,True,46000,,,,,,,,,,,,,,,,,40000,crossing,48000,,True,,,,,,,
2026-09-27-task7-d3,task7-d3,java,x86-stock,x86,stock,run-2,True,46000,36800,,,,,14,1-15,15,,,,,,ok,ok,,,"{""hikaricp.connections.active"": {""max"": 9.0, ""median"": 4.0, ""samples"": 38}, ""hikaricp.connections.pending"": {""max"": 1.0, ""median"": 0.0, ""samples"": 38}, ""tomcat.threads.busy"": {""max"": 28.0, ""median"": 13.0, ""samples"": 38}}",,,,,1.024547,2.44102,3.04545,4.564506200000005,8.138200020000056,240.33001,1.3428607884086672,36777.4683902183,17653289,0.0,10982,17653289,480.00360133500004,,,,,,True,,True,46000,,,,,,,,,,,,,,,,,40000,crossing,48000,,True,,,,,,,
2026-09-27-task7-d3,task7-d3,java,x86-stock,x86,stock,run-3,True,46000,36800,,,,,13,1-15,15,,,,,,ok,ok,,,"{""hikaricp.connections.active"": {""max"": 9.0, ""median"": 3.0, ""samples"": 37}, ""hikaricp.connections.pending"": {""max"": 1.0, ""median"": 0.0, ""samples"": 38}, ""tomcat.threads.busy"": {""max"": 17.0, ""median"": 12.5, ""samples"": 38}}",,,,,1.025197,2.440387,3.03932,4.547480999999997,8.709736556000623,190.07383,1.3435752621041137,36776.37685851133,17652756,0.0,11514,17652756,480.002510364,,,,,,True,,True,46000,,,,,,,,,,,,,,,,,40000,crossing,48000,,True,,,,,,,
2026-09-27-task7-d3,task7-d3,java,x86-tuned,x86,tuned,run-1,True,52000,41600,,,,,16,1-15,15,True,,,,,ok,ok,,,"{""hikaricp.connections.active"": {""max"": 8.0, ""median"": 3.0, ""samples"": 39}, ""hikaricp.connections.pending"": {""max"": 0.0, ""median"": 0.0, ""samples"": 39}, ""tomcat.threads.busy"": {""max"": 19.0, ""median"": 11.0, ""samples"": 39}}",,,,,0.872511,1.9877978000000007,2.6317806000000035,4.5070918799999955,9.085831180000046,218.942233,1.1407678010709197,41577.75833249416,19957434,0.0,10950,19957434,480.00225981100004,,,,,,True,,True,52000,,,,,,,,,,,,,,,,,50000,crossing,54000,,True,,,,,,,
2026-09-27-task7-d3,task7-d3,java,x86-tuned,x86,tuned,run-2,True,52000,41600,,,,,15,1-15,15,True,,,,,ok,ok,,,"{""hikaricp.connections.active"": {""max"": 8.0, ""median"": 3.0, ""samples"": 38}, ""hikaricp.connections.pending"": {""max"": 5.0, ""median"": 0.0, ""samples"": 38}, ""tomcat.threads.busy"": {""max"": 23.0, ""median"": 11.5, ""samples"": 38}}",,,,,0.864816,1.962705,2.578980849999998,4.32509939,8.678595756000005,234.7708,1.1264108714031846,41576.933968301535,19957019,0.0,11366,19957019,480.002091663,,,,,,True,,True,52000,,,,,,,,,,,,,,,,,50000,crossing,54000,,False,,,,,,,
2026-09-27-task7-d3,task7-d3,java,x86-tuned,x86,tuned,run-3,True,52000,41600,,,,,15,1-15,15,True,,,,,ok,ok,,,"{""hikaricp.connections.active"": {""max"": 10.0, ""median"": 3.5, ""samples"": 38}, ""hikaricp.connections.pending"": {""max"": 3.0, ""median"": 0.0, ""samples"": 38}, ""tomcat.threads.busy"": {""max"": 23.0, ""median"": 12.0, ""samples"": 38}}",,,,,0.8623475,1.9368598000000008,2.554958699999996,4.281581790000037,7.866610566000156,248.22591,1.1207626423460302,41572.676214745516,19954998,0.0,13386,19954998,480.002639195,,,,,,True,,True,52000,,,,,,,,,,,,,,,,,50000,crossing,54000,,False,,,,,,,
2026-09-27-task7-d3,task7-d3,java,x86-tuned-vthreads,x86,tuned-vthreads,run-1,True,56000,44800,,,,,17,1-15,15,True,,,,,ok,ok,,,"{""hikaricp.connections.active"": {""max"": 8.0, ""median"": 2.0, ""samples"": 39}, ""hikaricp.connections.pending"": {""max"": 3.0, ""median"": 0.0, ""samples"": 39}, ""tomcat.threads.busy"": {""max"": -1.0, ""median"": -1.0, ""samples"": 39}}",,,,,0.653363,0.9482408000000008,1.152599,3.2858355000000112,13.405863232000224,267.630121,0.7775965551065689,44772.63698550197,21490976,0.0,13438,21490976,480.00257163000003,,,,,,True,,True,56000,,,,,,,,,,,,,,,,,50000,crossing,58000,,True,,,,,,,
2026-09-27-task7-d3,task7-d3,java,x86-tuned-vthreads,x86,tuned-vthreads,run-2,True,56000,44800,,,,,16,1-15,15,True,,,,,ok,ok,,,"{""hikaricp.connections.active"": {""max"": 9.0, ""median"": 4.0, ""samples"": 39}, ""hikaricp.connections.pending"": {""max"": 2.0, ""median"": 0.0, ""samples"": 39}, ""tomcat.threads.busy"": {""max"": -1.0, ""median"": -1.0, ""samples"": 39}}",,,,,0.645279,0.916192,1.082065,2.5139111099999973,6.48693084100003,450.631647,0.73251995772649,44774.772142056754,21492014,0.0,12400,21492014,480.002710114,,,,,,True,,True,56000,,,,,,,,,,,,,,,,,50000,crossing,58000,,True,,,,,,,
2026-09-27-task7-d3,task7-d3,java,x86-tuned-vthreads,x86,tuned-vthreads,run-3,True,56000,44800,,,,,16,1-15,15,True,,,,,ok,ok,,,"{""hikaricp.connections.active"": {""max"": 9.0, ""median"": 2.0, ""samples"": 38}, ""hikaricp.connections.pending"": {""max"": 1.0, ""median"": 0.0, ""samples"": 38}, ""tomcat.threads.busy"": {""max"": -1.0, ""median"": -1.0, ""samples"": 38}}",,,,,0.643662,0.912078,1.072958,2.550637259999998,7.510923642000006,232.079383,0.7288048813496918,44773.58318523502,21491441,0.0,12972,21491441,480.002701323,,,,,,True,,True,56000,,,,,,,,,,,,,,,,,50000,crossing,58000,,True,,,,,,,
2026-09-27-task7-d3,task7-d3,mongo,amd-stock,amd,stock,run-1,True,,,148422,,,128,47,1-15,15,,,,,20000000,ok,ok,"[807447, 68972, 6600, 635]",,,,,,,0.43,1.086,1.358,2.002,49.791,142.975,0.6695,,71242560.0,,,,480.0,,,,,,True,,True,148422.0,,,,,,,,,,,,,,,,,,,,,,ycsb.txt,148422.0,140994.6,7427.4,1.984,,
2026-09-27-task7-d3,task7-d3,mongo,amd-stock,amd,stock,run-2,True,,,148422,,,128,33,1-15,15,,,,,20000000,ok,ok,"[807447, 68972, 6600, 635]",,,,,,,0.409,0.997,1.231,1.831,20.447,107.455,0.5635,,71242560.0,,,,480.0,,,,,,True,,True,148422.0,,,,,,,,,,,,,,,,,,,,,,ycsb.txt,148422.0,140999.4,7422.6,1.806,,
2026-09-27-task7-d3,task7-d3,mongo,amd-stock,amd,stock,run-3,True,,,148422,,,128,33,1-15,15,,,,,20000000,ok,ok,"[807447, 68972, 6600, 635]",,,,,,,0.406,0.988,1.229,1.824,20.447,146.559,0.5615,,71242560.0,,,,480.0,,,,,,True,,True,148422.0,,,,,,,,,,,,,,,,,,,,,,ycsb.txt,148422.0,141005.4,7416.6,1.797,,
2026-09-27-task7-d3,task7-d3,mongo,amd-tuned,amd,tuned,run-1,True,,,151802,,,128,35,1-15,15,True,,,,20000000,ok,ok,"[807151, 69377, 6497, 641]",,,,,,,0.414,1.06,1.323,1.969,39.391,124.031,0.6225,,72864960.0,,,,480.0,,,,,,True,,True,151802.0,,,,,,,,,,,,,,,,,,,,,,ycsb.txt,151802.0,144202.9,7599.1,1.946,,
2026-09-27-task7-d3,task7-d3,mongo,amd-tuned,amd,tuned,run-2,True,,,151802,,,128,34,1-15,15,True,,,,20000000,ok,ok,"[807151, 69377, 6497, 641]",,,,,,,0.415,1.056,1.317,1.963,41.695,130.495,0.6325,,72864960.0,,,,480.0,,,,,,True,,True,151802.0,,,,,,,,,,,,,,,,,,,,,,ycsb.txt,151802.0,144207.5,7594.5,1.953,,
2026-09-27-task7-d3,task7-d3,mongo,amd-tuned,amd,tuned,run-3,True,,,151802,,,128,35,1-15,15,True,,,,20000000,ok,ok,"[807151, 69377, 6497, 641]",,,,,,,0.418,1.084,1.355,2.009,48.735,122.943,0.6605,,72864960.0,,,,480.0,,,,,,True,,True,151802.0,,,,,,,,,,,,,,,,,,,,,,ycsb.txt,151802.0,144205.9,7596.1,1.998,,
2026-09-27-task7-d3,task7-d3,mongo,arm-stock,arm,stock,run-1,True,,,190022,,,256,48,1-15,15,,,,,20000000,ok,ok,"[807103, 69692, 6272, 595]",,,,,,,0.494,1.638,2.209,3.355,15.647,161.407,0.8,,91210560.0,,,,480.0,,,,,,True,,True,190022.0,,,,,,,,,,,,,,,,,,,,,,ycsb.txt,190022.0,180516.3,9505.7,3.219,,
2026-09-27-task7-d3,task7-d3,mongo,arm-stock,arm,stock,run-2,True,,,190022,,,256,48,1-15,15,,,,,20000000,ok,ok,"[807103, 69692, 6272, 595]",,,,,,,0.51,1.669,2.247,3.399,15.015,128.959,0.8145,,91210560.0,,,,480.0,,,,,,True,,True,190022.0,,,,,,,,,,,,,,,,,,,,,,ycsb.txt,190022.0,180523.8,9498.2,3.255,,
2026-09-27-task7-d3,task7-d3,mongo,arm-stock,arm,stock,run-3,True,,,190022,,,256,48,1-15,15,,,,,20000000,ok,ok,"[807103, 69692, 6272, 595]",,,,,,,0.525,1.718,2.283,3.431,18.607,230.015,0.827,,91210560.0,,,,480.0,,,,,,True,,True,190022.0,,,,,,,,,,,,,,,,,,,,,,ycsb.txt,190022.0,180532.3,9489.7,3.315,,
2026-09-27-task7-d3,task7-d3,mongo,arm-tuned,arm,tuned,run-1,True,,,191846,,,256,48,1-15,15,,,,,20000000,ok,ok,"[806908, 69333, 6756, 641]",,,,,,,0.46,1.633,2.217,3.437,21.743,229.119,0.7785,,92086080.0,,,,480.0,,,,,,True,,True,191846.0,,,,,,,,,,,,,,,,,,,,,,ycsb.txt,191846.0,182258.7,9587.3,3.291,,
2026-09-27-task7-d3,task7-d3,mongo,arm-tuned,arm,tuned,run-2,True,,,191846,,,256,48,1-15,15,,,,,20000000,ok,ok,"[806908, 69333, 6756, 641]",,,,,,,0.457,1.586,2.165,3.343,23.423,129.919,0.769,,92086080.0,,,,480.0,,,,,,True,,True,191846.0,,,,,,,,,,,,,,,,,,,,,,ycsb.txt,191846.0,182251.9,9594.1,3.197,,
2026-09-27-task7-d3,task7-d3,mongo,arm-tuned,arm,tuned,run-3,True,,,191846,,,256,49,1-15,15,,,,,20000000,ok,ok,"[806908, 69333, 6756, 641]",,,,,,,0.461,1.63,2.231,3.461,20.751,225.407,0.775,,92086080.0,,,,480.0,,,,,,True,,True,191846.0,,,,,,,,,,,,,,,,,,,,,,ycsb.txt,191846.0,182247.8,9598.2,3.293,,
2026-09-27-task7-d3,task7-d3,mongo,x86-stock,x86,stock,run-1,True,,,148422,,,256,38,1-15,15,,,,,20000000,ok,ok,"[807187, 69264, 6569, 847]",,,,,,,0.623,1.774,2.227,3.257,6.239,93.823,0.883,,71242560.0,,,,480.0,,,,,,True,,True,148422.0,,,,,,,,,,,,,,,,,,,,,,ycsb.txt,148422.0,140998.1,7423.9,3.171,,
2026-09-27-task7-d3,task7-d3,mongo,x86-stock,x86,stock,run-2,True,,,148422,,,256,38,1-15,15,,,,,20000000,ok,ok,"[807187, 69264, 6569, 847]",,,,,,,0.607,1.755,2.203,3.213,6.359,129.791,0.863,,71242560.0,,,,480.0,,,,,,True,,True,148422.0,,,,,,,,,,,,,,,,,,,,,,ycsb.txt,148422.0,140990.0,7432.0,3.125,,
2026-09-27-task7-d3,task7-d3,mongo,x86-stock,x86,stock,run-3,True,,,148422,,,256,38,1-15,15,,,,,20000000,ok,ok,"[807187, 69264, 6569, 847]",,,,,,,0.624,1.781,2.229,3.257,6.759,95.999,0.8905,,71242560.0,,,,480.0,,,,,,True,,True,148422.0,,,,,,,,,,,,,,,,,,,,,,ycsb.txt,148422.0,140998.7,7423.3,3.183,,
2026-09-27-task7-d3,task7-d3,mongo,x86-tuned,x86,tuned,run-1,True,,,154142,,,256,39,1-15,15,True,,,,20000000,ok,ok,"[807212, 69354, 6470, 590]",,,,,,,0.601,1.757,2.223,3.259,6.171,228.735,0.8755,,73988160.0,,,,480.0,,,,,,True,,True,154142.0,,,,,,,,,,,,,,,,,,,,,,ycsb.txt,154142.0,146428.7,7713.3,3.177,,
2026-09-27-task7-d3,task7-d3,mongo,x86-tuned,x86,tuned,run-2,True,,,154142,,,256,39,1-15,15,True,,,,20000000,ok,ok,"[807212, 69354, 6470, 590]",,,,,,,0.665,1.808,2.267,3.343,6.399,113.791,0.9245,,73988160.0,,,,480.0,,,,,,True,,True,154142.0,,,,,,,,,,,,,,,,,,,,,,ycsb.txt,154142.0,146433.7,7708.3,3.261,,
2026-09-27-task7-d3,task7-d3,mongo,x86-tuned,x86,tuned,run-3,True,,,154142,,,256,39,1-15,15,True,,,,20000000,ok,ok,"[807212, 69354, 6470, 590]",,,,,,,0.602,1.778,2.249,3.301,5.875,135.551,0.875,,73988160.0,,,,480.0,,,,,,True,,True,154142.0,,,,,,,,,,,,,,,,,,,,,,ycsb.txt,154142.0,146429.8,7712.2,3.205,,
2026-09-27-task7-d3,task7-d3,postgres,amd-stock,amd,stock,run-1,True,,,401210,256,256,,12,1-15,15,,0.248,53.46,16,,ok,ok,,3.962,,,,,,0.354,0.435,0.469,0.594,1.487,55.155,0.3668,,192490662.0,,,,480.0,,,,,,True,,True,401189.1,,,,,,,,,,,,,,,,,,,,,,pgbench.txt,401189.1,401189.1,,,0.0,3847403.0
2026-09-27-task7-d3,task7-d3,postgres,amd-stock,amd,stock,run-2,True,,,401210,256,256,,12,1-15,15,,0.245,50.367,16,,ok,ok,,3.959,,,,,,0.353,0.437,0.473,0.596,1.483,31.549,0.3669,,192450479.0,,,,480.0,,,,,,True,,True,401148.2,,,,,,,,,,,,,,,,,,,,,,pgbench.txt,401148.2,401148.2,,,0.0,3847556.0
2026-09-27-task7-d3,task7-d3,postgres,amd-stock,amd,stock,run-3,True,,,401210,256,256,,12,1-15,15,,0.258,56.426,16,,ok,ok,,3.943,,,,,,0.358,0.443,0.478,0.608,1.499,63.477,0.3713,,192475638.0,,,,480.0,,,,,,True,,True,401206.0,,,,,,,,,,,,,,,,,,,,,,pgbench.txt,401206.0,401206.0,,,0.0,3847699.0
2026-09-27-task7-d3,task7-d3,postgres,amd-tuned,amd,tuned,run-1,True,,,467124,256,256,,14,1-15,15,True,0.296,25.45,16,,ok,ok,,4.295,,,,,,0.366,0.448,0.477,0.535,0.618,24.681,0.37539999999999996,,224114662.0,,,,480.0,,,,,,True,,True,467124.5,,,,,,,,,,,,,,,,,,,,,,pgbench.txt,467124.5,467124.5,,,0.0,4486186.0
2026-09-27-task7-d3,task7-d3,postgres,amd-tuned,amd,tuned,run-2,True,,,467124,256,256,,14,1-15,15,True,0.284,26.022,16,,ok,ok,,4.311,,,,,,0.363,0.438,0.467,0.517,0.594,24.354,0.3718,,224128038.0,,,,480.0,,,,,,True,,True,467164.0,,,,,,,,,,,,,,,,,,,,,,pgbench.txt,467164.0,467164.0,,,0.0,4485288.0
2026-09-27-task7-d3,task7-d3,postgres,amd-tuned,amd,tuned,run-3,True,,,467124,256,256,,14,1-15,15,True,0.286,24.561,16,,ok,ok,,4.315,,,,,,0.363,0.441,0.47,0.52,0.597,14.302,0.37239999999999995,,224079428.0,,,,480.0,,,,,,True,,True,467073.3,,,,,,,,,,,,,,,,,,,,,,pgbench.txt,467073.3,467073.3,,,0.0,4478969.0
2026-09-27-task7-d3,task7-d3,postgres,arm-stock,arm,stock,run-1,True,,,221392,256,256,,8,1-15,15,,0.085,26.194,16,,ok,ok,,2.563,,,,,,0.374,0.501,0.552,0.699,1.412,27.931,0.3945,,106221124.0,,,,480.0,,,,,,True,,True,221412.1,,,,,,,,,,,,,,,,,,,,,,pgbench.txt,221412.1,221412.1,,,0.0,2124566.0
2026-09-27-task7-d3,task7-d3,postgres,arm-stock,arm,stock,run-2,True,,,221392,256,256,,8,1-15,15,,0.082,32.402,16,,ok,ok,,2.538,,,,,,0.368,0.502,0.551,0.674,1.403,43.636,0.3885,,106215241.0,,,,480.0,,,,,,True,,True,221385.3,,,,,,,,,,,,,,,,,,,,,,pgbench.txt,221385.3,221385.3,,,0.0,2124726.0
2026-09-27-task7-d3,task7-d3,postgres,arm-stock,arm,stock,run-3,True,,,221392,256,256,,8,1-15,15,,0.084,32.864,16,,ok,ok,,2.565,,,,,,0.371,0.485,0.528,0.634,1.39,40.38,0.3875,,106220961.0,,,,480.0,,,,,,True,,True,221395.5,,,,,,,,,,,,,,,,,,,,,,pgbench.txt,221395.5,221395.5,,,0.0,2124436.0
2026-09-27-task7-d3,task7-d3,postgres,arm-tuned,arm,tuned,run-1,True,,,265518,256,256,,9,1-15,15,,0.162,54.581,16,,ok,ok,,2.963,,,,,,0.381,0.532,0.595,0.772,1.388,24.641,0.4065,,127382967.0,,,,480.0,,,,,,True,,True,265489.6,,,,,,,,,,,,,,,,,,,,,,pgbench.txt,265489.6,265489.6,,,0.0,2546019.0
2026-09-27-task7-d3,task7-d3,postgres,arm-tuned,arm,tuned,run-2,True,,,265518,256,256,,9,1-15,15,,0.153,47.576,16,,ok,ok,,2.954,,,,,,0.383,0.533,0.594,0.764,1.33,24.219,0.4069,,127397225.0,,,,480.0,,,,,,True,,True,265543.9,,,,,,,,,,,,,,,,,,,,,,pgbench.txt,265543.9,265543.9,,,0.0,2547322.0
2026-09-27-task7-d3,task7-d3,postgres,arm-tuned,arm,tuned,run-3,True,,,265518,256,256,,9,1-15,15,,0.119,40.531,16,,ok,ok,,2.954,,,,,,0.373,0.509,0.565,0.71,1.056,24.575,0.394,,127398931.0,,,,480.0,,,,,,True,,True,265534.4,,,,,,,,,,,,,,,,,,,,,,pgbench.txt,265534.4,265534.4,,,0.0,2548518.0
2026-09-27-task7-d3,task7-d3,postgres,x86-stock,x86,stock,run-1,True,,,215098,128,128,,8,1-15,15,,0.589,22.815,16,,ok,ok,,2.157,,,,,,0.366,0.474,0.518,0.618,1.417,24.394,0.38239999999999996,,103212226.0,,,,480.0,,,,,,True,,True,215086.7,,,,,,,,,,,,,,,,,,,,,,pgbench.txt,215086.7,215086.7,,,0.0,2063720.0
2026-09-27-task7-d3,task7-d3,postgres,x86-stock,x86,stock,run-2,True,,,215098,128,128,,7,1-15,15,,0.583,22.465,16,,ok,ok,,2.179,,,,,,0.364,0.474,0.519,0.616,1.424,20.629,0.38160000000000005,,103228131.0,,,,480.0,,,,,,True,,True,215111.6,,,,,,,,,,,,,,,,,,,,,,pgbench.txt,215111.6,215111.6,,,0.0,2064936.0
2026-09-27-task7-d3,task7-d3,postgres,x86-stock,x86,stock,run-3,True,,,215098,128,128,,7,1-15,15,,0.607,24.332,16,,ok,ok,,2.144,,,,,,0.359,0.49,0.53,0.635,1.415,15.098,0.37960000000000005,,103217978.0,,,,480.0,,,,,,True,,True,215098.5,,,,,,,,,,,,,,,,,,,,,,pgbench.txt,215098.5,215098.5,,,0.0,2063331.0
2026-09-27-task7-d3,task7-d3,postgres,x86-tuned,x86,tuned,run-1,True,,,275930,256,256,,10,1-15,15,True,0.097,27.109,16,,ok,ok,,3.044,,,,,,0.36,0.476,0.525,0.64,0.87,32.694,0.3773,,132372393.0,,,,480.0,,,,,,True,,True,275905.2,,,,,,,,,,,,,,,,,,,,,,pgbench.txt,275905.2,275905.2,,,0.0,2647329.0
2026-09-27-task7-d3,task7-d3,postgres,x86-tuned,x86,tuned,run-2,True,,,275930,256,256,,9,1-15,15,True,0.096,27.3,16,,ok,ok,,3.062,,,,,,0.359,0.475,0.524,0.637,0.863,28.782,0.3765,,132370819.0,,,,480.0,,,,,,True,,True,275903.4,,,,,,,,,,,,,,,,,,,,,,pgbench.txt,275903.4,275903.4,,,0.0,2646782.0
2026-09-27-task7-d3,task7-d3,postgres,x86-tuned,x86,tuned,run-3,True,,,275930,256,256,,9,1-15,15,True,0.097,26.275,16,,ok,ok,,3.058,,,,,,0.36,0.478,0.526,0.636,0.861,25.068,0.3773,,132346298.0,,,,480.0,,,,,,True,,True,275869.0,,,,,,,,,,,,,,,,,,,,,,pgbench.txt,275869.0,275869.0,,,0.0,2648200.0
2026-09-28-task8-arc,early-lab,java,arc-m5,arc,m5,run-1,True,24000,19200,,,,,8,0-15,16,,,,,,ok,ok,,,"{""hikaricp.connections.active"": {""max"": 4.0, ""median"": 1.5, ""samples"": 24}, ""hikaricp.connections.pending"": {""max"": 2.0, ""median"": 0.0, ""samples"": 24}, ""tomcat.threads.busy"": {""max"": 15.0, ""median"": 10.5, ""samples"": 24}}",,,,,0.900768,1.4302348999999999,1.903300799999999,3.437215800000008,8.171947904000213,233.765162,1.076380397014942,19184.53080607111,5755407,0.0,4631,5755407,300.002518651,,,,,,True,,True,24000,,,,,,,,,,,,,,,,,20000,crossing,26000,,False,,,,,,,
2026-09-28-task8-arc,early-lab,java,arc-m6g,arc,m6g,run-1,True,22000,17600,,,,,7,0-15,16,,,,,,ok,ok,,,"{""hikaricp.connections.active"": {""max"": 7.0, ""median"": 2.0, ""samples"": 24}, ""hikaricp.connections.pending"": {""max"": 0.0, ""median"": 0.0, ""samples"": 24}, ""tomcat.threads.busy"": {""max"": 17.0, ""median"": 11.5, ""samples"": 24}}",,,,,1.281343,2.7465688000000004,3.4991036999999983,5.641984900000002,11.795375053000367,461.58909,1.6417088025610216,17586.713051440012,5276053,0.0,3965,5276053,300.00233117000005,,,,,,True,,True,22000,,,,,,,,,,,,,,,,,20000,crossing,24000,,False,,,,,,,
2026-09-28-task8-arc,early-lab,java,arc-m6i,arc,m6i,run-1,True,32000,25600,,,,,10,0-15,16,,,,,,ok,ok,,,"{""hikaricp.connections.active"": {""max"": 7.0, ""median"": 3.0, ""samples"": 24}, ""hikaricp.connections.pending"": {""max"": 1.0, ""median"": 0.0, ""samples"": 24}, ""tomcat.threads.busy"": {""max"": 15.0, ""median"": 11.0, ""samples"": 24}}",,,,,0.718609,1.3240233000000003,1.7977984499999997,3.2030471199999995,7.802828149000331,279.531217,0.8904506665356768,25577.998313957927,7673462,0.0,6541,7673462,300.002796598,,,,,,True,,True,32000,,,,,,,,,,,,,,,,,30000,crossing,34000,,False,,,,,,,
2026-09-28-task8-arc,early-lab,java,arc-m7g,arc,m7g,run-1,True,26000,20800,,,,,10,0-15,16,,,,,,ok,ok,,,"{""hikaricp.connections.active"": {""max"": 7.0, ""median"": 2.0, ""samples"": 24}, ""hikaricp.connections.pending"": {""max"": 0.0, ""median"": 0.0, ""samples"": 24}, ""tomcat.threads.busy"": {""max"": 21.0, ""median"": 9.0, ""samples"": 24}}",,,,,1.267296,2.728107900000004,3.5283308999999994,5.928868649999999,12.032605899000066,457.863346,1.6193599242100942,20780.466088643145,6234178,0.0,5879,6234178,300.001797349,,,,,,True,,True,26000,,,,,,,,,,,,,,,,,20000,crossing,28000,,False,,,,,,,
2026-09-28-task8-arc,early-lab,java,arc-m7i,arc,m7i,run-1,True,36000,28800,,,,,11,0-15,16,,,,,,ok,ok,,,"{""hikaricp.connections.active"": {""max"": 10.0, ""median"": 3.0, ""samples"": 24}, ""hikaricp.connections.pending"": {""max"": 0.0, ""median"": 0.0, ""samples"": 24}, ""tomcat.threads.busy"": {""max"": 25.0, ""median"": 9.5, ""samples"": 24}}",,,,,0.901345,1.938837,2.5421572999999977,4.48845866,11.006149480000317,292.383148,1.1710308206941804,28775.25087879169,8632646,0.0,7411,8632646,300.002448198,,,,,,True,,True,36000,,,,,,,,,,,,,,,,,30000,crossing,38000,,True,,,,,,,
2026-09-28-task8-arc,early-lab,java,arc-m8a,arc,m8a,run-1,True,90000,72000,,,,,27,0-15,16,,,,,,ok,ok,,,"{""hikaricp.connections.active"": {""max"": 8.0, ""median"": 2.5, ""samples"": 24}, ""hikaricp.connections.pending"": {""max"": 0.0, ""median"": 0.0, ""samples"": 24}, ""tomcat.threads.busy"": {""max"": 17.0, ""median"": 11.0, ""samples"": 24}}",,,,,0.836966,1.844311,2.37938,4.1226366300000015,7.767200228000484,305.404112,1.080620705803363,71922.80266597545,21576983,0.0,23623,21576983,300.00196912399997,,,,,,True,,True,90000,,,,,,,,,,,,,,,,,90000,crossing,92000,,False,,,,,,,
2026-09-28-task8-arc,early-lab,java,arc-m8g,arc,m8g,run-1,True,40000,32000,,,,,13,0-15,16,,,,,,ok,ok,,,"{""hikaricp.connections.active"": {""max"": 7.0, ""median"": 3.5, ""samples"": 24}, ""hikaricp.connections.pending"": {""max"": 0.0, ""median"": 0.0, ""samples"": 24}, ""tomcat.threads.busy"": {""max"": 18.0, ""median"": 8.5, ""samples"": 24}}",,,,,0.992675,2.509898,3.281887,5.468929,10.09430745000032,300.450317,1.3275660315410676,31966.330355262722,9589981,0.0,10021,9589981,300.002253722,,,,,,True,,True,40000,,,,,,,,,,,,,,,,,40000,crossing,42000,,False,,,,,,,
2026-09-28-task8-arc,early-lab,java,arc-m8i,arc,m8i,run-1,True,48000,38400,,,,,14,0-15,16,,,,,,ok,ok,,,"{""hikaricp.connections.active"": {""max"": 9.0, ""median"": 3.0, ""samples"": 24}, ""hikaricp.connections.pending"": {""max"": 1.0, ""median"": 0.0, ""samples"": 24}, ""tomcat.threads.busy"": {""max"": 22.0, ""median"": 12.0, ""samples"": 24}}",,,,,0.909047,2.379524,3.0167464999999964,4.944189289999999,17.89659263300024,228.706761,1.2771718389913358,38370.37167487103,11511228,0.0,8848,11511228,300.00322445899997,,,,,,True,,True,48000,,,,,,,,,,,,,,,,,40000,crossing,50000,,True,,,,,,,
2026-09-28-task8-arc,early-lab,java,arc-m9g,arc,m9g,run-1,True,80000,64000,,,,,22,0-15,16,,,,,,ok,ok,,,"{""hikaricp.connections.active"": {""max"": 6.0, ""median"": 2.0, ""samples"": 24}, ""hikaricp.connections.pending"": {""max"": 0.0, ""median"": 0.0, ""samples"": 24}, ""tomcat.threads.busy"": {""max"": 22.0, ""median"": 9.5, ""samples"": 24}}",,,,,1.025248,2.7452091999999992,3.585096799999999,5.791718839999996,9.483580992000297,316.288008,1.4024639587366163,63943.54590889975,19183214,0.0,16789,19183214,300.002585279,,,,,,True,,True,80000,,,,,,,,,,,,,,,,,80000,crossing,82000,,False,,,,,,,
2026-09-28-task8-arc-r2,early-lab,java,arc-m8g,arc,m8g,run-1,True,40000,32000,,,,,12,0-15,16,,,,,,ok,ok,,,"{""hikaricp.connections.active"": {""max"": 9.0, ""median"": 3.0, ""samples"": 24}, ""hikaricp.connections.pending"": {""max"": 0.0, ""median"": 0.0, ""samples"": 24}, ""tomcat.threads.busy"": {""max"": 23.0, ""median"": 13.0, ""samples"": 24}}",,,,,1.186534,2.7037699,3.482468,5.69731617,10.890097832000956,239.543545,1.5185761190136906,31973.663848576056,9592166,0.0,7836,9592166,300.002104559,,,,,,True,,True,40000,,,,,,,,,,,,,,,,,40000,crossing,42000,,False,,,,,,,
