section,workload,variant,comparison,ratio,ci_lo,ci_hi,env_lo,env_hi,label,note
chip,go,stock,arm/x86 raw,1.825,1.775,1.85,1.8,1.85,clear,
chip,go,stock,arm/x86 per $,1.9742,1.9201,2.0013,1.9472,2.0013,clear,
chip,go,stock,amd/x86 raw,1.45,1.35,1.5,1.4,1.5,clear,
chip,go,stock,amd/x86 per $,1.2608,1.1739,1.3043,1.2174,1.3043,clear,
chip,go,stock,arm/amd raw,1.2586,1.1833,1.3704,1.2,1.3214,clear,
chip,go,stock,arm/amd per $,1.5658,1.4722,1.7048,1.4929,1.644,clear,
chip,inference,stock,arm/x86 raw,2.1809,2.0636,2.2916,2.1244,2.2397,clear,
chip,inference,stock,arm/x86 per $,2.3593,2.2324,2.479,2.2981,2.4228,clear,
chip,inference,stock,amd/x86 raw,1.4531,1.3756,1.5234,1.4159,1.4918,clear,
chip,inference,stock,amd/x86 per $,1.2635,1.1962,1.3246,1.2312,1.2972,clear,
chip,inference,stock,arm/amd raw,1.5009,1.4808,1.5222,1.4817,1.5204,clear,
chip,inference,stock,arm/amd per $,1.8672,1.8422,1.8937,1.8433,1.8915,clear,
chip,inference,tuned,arm/x86 raw,1.8095,1.6705,1.9211,1.7047,1.9187,clear,
chip,inference,tuned,arm/x86 per $,1.9574,1.8071,2.0782,1.8441,2.0756,clear,
chip,inference,tuned,amd/x86 raw,1.3475,1.3144,1.3845,1.3201,1.3761,clear,
chip,inference,tuned,amd/x86 per $,1.1717,1.1429,1.2039,1.1479,1.1966,clear,
chip,inference,tuned,arm/amd raw,1.3428,1.2566,1.4056,1.2912,1.3944,clear,
chip,inference,tuned,arm/amd per $,1.6705,1.5633,1.7486,1.6063,1.7348,clear,
chip,java,stock,arm/x86 raw,1.7391,1.7021,1.8,1.7391,1.7391,clear,
chip,java,stock,arm/x86 per $,1.8813,1.8413,1.9472,1.8813,1.8813,clear,
chip,java,stock,amd/x86 raw,1.9348,1.8723,2.0,1.913,1.9565,clear,
chip,java,stock,amd/x86 per $,1.6824,1.6281,1.7391,1.6635,1.7013,clear,
chip,java,stock,arm/amd raw,0.8989,0.8889,0.9205,0.8889,0.9091,clear,
chip,java,stock,arm/amd per $,1.1183,1.1058,1.1451,1.1058,1.131,clear,
chip,java,tuned,arm/x86 raw,1.6604,1.537,1.7308,1.5926,1.7308,clear,
chip,java,tuned,arm/x86 per $,1.7961,1.6627,1.8723,1.7228,1.8723,clear,
chip,java,tuned,amd/x86 raw,1.6981,1.6667,1.7308,1.6667,1.7308,clear,
chip,java,tuned,amd/x86 per $,1.4766,1.4492,1.505,1.4492,1.505,clear,
chip,java,tuned,arm/amd raw,0.9778,0.9222,1.0,0.9556,1.0,within noise,
chip,java,tuned,arm/amd per $,1.2164,1.1473,1.2441,1.1888,1.2441,clear,
chip,java,tuned-vthreads,arm/x86 raw,1.9464,1.8571,1.9643,1.9286,1.9643,clear,
chip,java,tuned-vthreads,arm/x86 per $,2.1056,2.009,2.1249,2.0863,2.1249,clear,
chip,java,tuned-vthreads,amd/x86 raw,1.9464,1.8571,1.9643,1.9286,1.9643,clear,
chip,java,tuned-vthreads,amd/x86 per $,1.6925,1.6149,1.708,1.677,1.708,clear,
chip,java,tuned-vthreads,arm/amd raw,1.0,0.9455,1.0577,0.9818,1.0185,within noise,
chip,java,tuned-vthreads,arm/amd per $,1.2441,1.1762,1.3158,1.2215,1.2671,clear,
chip,mongo,stock,arm/x86 raw,1.2888,1.2803,1.2974,1.2803,1.2974,clear,
chip,mongo,stock,arm/x86 per $,1.3942,1.385,1.4034,1.385,1.4034,clear,
chip,mongo,stock,amd/x86 raw,1.0,0.9963,1.0037,0.9963,1.0037,within noise,
chip,mongo,stock,amd/x86 per $,0.8695,0.8663,0.8728,0.8663,0.8728,clear,
chip,mongo,stock,arm/amd raw,1.2888,1.2803,1.2974,1.2803,1.2974,clear,
chip,mongo,stock,arm/amd per $,1.6034,1.5928,1.614,1.5928,1.614,clear,
chip,mongo,tuned,arm/x86 raw,1.257,1.2387,1.2758,1.2387,1.2758,clear,
chip,mongo,tuned,arm/x86 per $,1.3598,1.3399,1.3801,1.3399,1.3801,clear,
chip,mongo,tuned,amd/x86 raw,0.9702,0.9318,1.0095,0.9318,1.0095,within noise,
chip,mongo,tuned,amd/x86 per $,0.8436,0.8102,0.8778,0.8102,0.8778,clear,
chip,mongo,tuned,arm/amd raw,1.2957,1.2578,1.3357,1.2578,1.3357,clear,
chip,mongo,tuned,arm/amd per $,1.6119,1.5647,1.6617,1.5647,1.6617,clear,
chip,postgres,stock,arm/x86 raw,1.0096,0.9885,1.0314,0.9885,1.0314,within noise,
chip,postgres,stock,arm/x86 per $,1.0921,1.0694,1.1158,1.0694,1.1158,clear,
chip,postgres,stock,amd/x86 raw,1.8193,1.7752,1.8652,1.7752,1.8652,clear,
chip,postgres,stock,amd/x86 per $,1.5819,1.5436,1.6219,1.5436,1.6219,clear,
chip,postgres,stock,arm/amd raw,0.5549,0.5518,0.558,0.5518,0.558,clear,
chip,postgres,stock,arm/amd per $,0.6904,0.6865,0.6943,0.6865,0.6943,clear,
chip,postgres,tuned,arm/x86 raw,0.9845,0.9623,1.0072,0.9623,1.0072,within noise,
chip,postgres,tuned,arm/x86 per $,1.065,1.0409,1.0896,1.0409,1.0896,clear,
chip,postgres,tuned,amd/x86 raw,1.7457,1.6929,1.7999,1.6929,1.7999,clear,
chip,postgres,tuned,amd/x86 per $,1.5179,1.472,1.5651,1.472,1.5651,clear,
chip,postgres,tuned,arm/amd raw,0.5639,0.5488,0.5796,0.5488,0.5796,clear,
chip,postgres,tuned,arm/amd per $,0.7016,0.6828,0.721,0.6828,0.721,clear,
tuning,java,tuned/stock,arm,1.1,1.0247,1.125,1.075,1.125,clear,
tuning,java,tuned/stock,amd,1.0112,1.0,1.0227,1.0,1.0227,within noise,
tuning,java,tuned/stock,x86,1.1522,1.1064,1.2,1.1304,1.1739,clear,
tuning,inference,tuned/stock,arm,1.0736,0.9998,1.1263,1.0256,1.1222,lean,
tuning,inference,tuned/stock,amd,1.2,1.1886,1.2116,1.1925,1.2077,clear,
tuning,inference,tuned/stock,x86,1.294,1.2164,1.3726,1.2426,1.3475,clear,
tuning,postgres,tuned/stock,arm,1.2098,1.1968,1.2229,1.1968,1.2229,clear,
tuning,postgres,tuned/stock,amd,1.1905,1.1643,1.2169,1.1643,1.2169,clear,
tuning,postgres,tuned/stock,x86,1.2407,1.2002,1.2828,1.2002,1.2828,clear,
tuning,mongo,tuned/stock,arm,1.0024,0.9952,1.0096,0.9952,1.0096,within noise,
tuning,mongo,tuned/stock,amd,0.9971,0.9677,1.0266,0.9677,1.0266,within noise,
tuning,mongo,tuned/stock,x86,1.0277,1.0132,1.0424,1.0132,1.0424,clear,
tuning,java,tuned-vthreads/tuned,arm,1.2386,1.1628,1.3253,1.2,1.2791,clear,
tuning,java,tuned-vthreads/tuned,amd,1.2111,1.1556,1.2222,1.2,1.2222,clear,
tuning,java,tuned-vthreads/tuned,x86,1.0566,1.037,1.0769,1.037,1.0769,clear,
tuning,java,smtoff/stock,x86,0.6522,0.625,0.6818,0.625,0.6818,clear,"1 day only (d1), runs resampled"
tuning,inference,t8/tuned,x86,0.8454,0.8307,0.8543,0.8307,0.8543,clear,"1 day only (d2), runs resampled"
