results_dir,day_class,workload,cell,chip,variant,run,top_samples,top_source,top_node_cpu_cores_median,top_node_cpu_cores_max,top_node_cpu_pct_median,top_node_cpu_pct_max,top_pod_cpu_cores_median,top_pod_cpu_cores_max,top_loader_cpu_pct_median,top_loader_cpu_pct_max,flamegraph_exists,flame_sample_rate,flame_units,flame_cpu_seconds,flame_distinct_frames,aperf_report,aperf_seconds,aperf_instance_type,aperf_cpus,aperf_kernel,cpu_irq_avg,cpu_irq_p50,cpu_iowait_avg,cpu_iowait_p50,cpu_idle_avg,cpu_idle_p50,cpu_steal_avg,cpu_steal_p50,cpu_system_avg,cpu_system_p50,cpu_aggregate_avg,cpu_aggregate_p50,cpu_nice_avg,cpu_nice_p50,cpu_softirq_avg,cpu_softirq_p50,cpu_user_avg,cpu_user_p50,pmu_data-tlb-tw-pki_avg,pmu_data-tlb-tw-pki_p50,pmu_data-tlb-mpki_avg,pmu_data-tlb-mpki_p50,pmu_stall-backend-pkc_avg,pmu_stall-backend-pkc_p50,pmu_l2-mpki_avg,pmu_l2-mpki_p50,pmu_code-sparsity_avg,pmu_code-sparsity_p50,pmu_data-l1-mpki_avg,pmu_data-l1-mpki_p50,pmu_l3-mpki_avg,pmu_l3-mpki_p50,pmu_branch-mpki_avg,pmu_branch-mpki_p50,pmu_strex-spec-pki_avg,pmu_strex-spec-pki_p50,pmu_inst-tlb-tw-pki_avg,pmu_inst-tlb-tw-pki_p50,pmu_inst-l1-mpki_avg,pmu_inst-l1-mpki_p50,pmu_ipc_avg,pmu_ipc_p50,pmu_inst-tlb-mpki_avg,pmu_inst-tlb-mpki_p50,pmu_stall-frontend-pkc_avg,pmu_stall-frontend-pkc_p50,pmu_data-st-tlb-tw-pki_avg,pmu_data-st-tlb-tw-pki_p50,pmu_data-st-tlb-mpki_avg,pmu_data-st-tlb-mpki_p50,pmu_data-rd-tlb-mpki_avg,pmu_data-rd-tlb-mpki_p50,pmu_data-rd-tlb-tw-pki_avg,pmu_data-rd-tlb-tw-pki_p50
2026-09-04,early-lab,inference,arm-tuned,arm,tuned,run-1,33,kubectl-top,14.75,14.818,93.0,94.0,14.707,14.722,0.0,0.0,True,1000000000,samples,2.051546322,95,True,360.005,m9g.4xlarge,16,6.18.38,0.0,0.0,0.04,0.0,10.83,7.75,0.0,0.0,0.21,0.18,88.88,92.24,0.0,0.0,0.0,0.0,88.63,92.05,0.34,0.36,2.05,2.0,370.12,379.48,11.09,9.42,0.01,0.0,8.92,7.26,,,3.54,3.46,0.0,0.0,0.07,0.06,30.99,22.88,1.1,1.1,0.81,0.76,416.16,409.07,,,,,,,,
2026-09-04,early-lab,java,arm-tuned,arm,tuned,run-1,43,kubectl-top,4.716,5.052,29.0,32.0,4.566,4.71,34.0,38.0,True,1000000000,samples,2059.855600068,1253,True,480.005,m9g.4xlarge,16,6.18.38,0.0,0.0,0.03,0.0,70.84,70.15,0.0,0.0,2.8,2.84,28.94,29.84,0.0,0.0,2.85,2.93,23.25,24.04,0.18,0.17,3.82,3.97,351.76,342.13,5.66,5.09,0.0,0.0,6.92,6.54,,,1.14,0.94,0.0,0.0,0.04,0.03,33.65,36.23,1.11,0.97,0.75,0.77,458.0,465.24,,,,,,,,
2026-09-04,early-lab,java,x86-tuned,x86,tuned,run-1,43,kubectl-top,4.695,10.33,29.0,65.0,4.503,10.482,23.0,55.0,True,1000000000,samples,2073.278280024,1199,True,480.009,m8i.4xlarge,16,6.18.38,0.0,0.0,0.04,0.0,70.98,70.34,0.0,0.0,2.06,2.1,28.81,29.65,0.0,0.0,3.24,3.35,23.45,24.21,,,,,,,,,,,16.57,15.57,,,3.36,2.51,,,,,21.75,23.09,0.92,0.85,,,191.85,197.51,,,,,,,,
2026-09-04,early-lab,net,arm-tuned,arm,tuned,run-1,12,kubectl-top,0.51,1.404,3.0,8.0,0.12,0.66,0.0,0.0,True,1000000000,samples,74.608244886,425,True,120.006,m9g.4xlarge,16,6.18.38,0.0,0.0,0.14,0.0,94.95,96.41,0.0,0.0,1.39,0.81,4.21,3.51,0.0,0.0,2.56,2.68,0.1,0.06,0.13,0.1,4.18,4.48,382.09,375.27,4.93,3.64,0.0,0.0,6.01,5.61,,,0.94,0.68,0.0,0.0,0.03,0.02,37.51,35.14,1.45,1.5,0.79,0.63,384.82,384.64,,,,,,,,
2026-09-24-cal-llama-arm,calibration,inference,arm-tuned,arm,tuned,run-1,33,metrics-api,14.772,14.857,94.0,94.0,14.712,14.728,0.0,0.0,True,1000000000,samples,2.298968994,141,True,360.005,m9g.4xlarge,16,6.18.48,0.0,0.0,0.04,0.0,11.17,7.69,0.0,0.0,0.11,0.06,88.54,92.3,0.0,0.0,0.0,0.0,88.37,92.2,0.26,0.24,2.39,2.55,422.7,438.62,9.27,8.02,0.01,0.0,10.7,9.23,,,3.9,3.76,0.01,0.0,0.05,0.03,33.84,32.37,1.02,0.98,1.25,1.24,362.22,268.13,,,,,,,,
2026-09-24-cal-llama-kleidiai,calibration,inference,arm-tuned-kleidiai,arm,tuned-kleidiai,run-1,33,metrics-api,14.761,14.859,94.0,94.0,14.706,14.718,0.0,0.0,True,1000000000,samples,1.783505094,153,True,360.005,m9g.4xlarge,16,6.18.48,0.0,0.0,0.04,0.0,11.75,7.69,0.0,0.0,0.19,0.18,87.96,92.3,0.0,0.0,0.0,0.0,87.72,92.1,0.33,0.35,2.1,1.57,320.61,346.72,10.15,8.06,0.01,0.0,9.41,9.31,,,3.61,3.56,0.02,0.0,0.06,0.04,30.39,20.98,0.81,0.72,0.88,0.69,517.02,426.29,,,,,,,,
2026-09-24-cal-llama-x86,calibration,inference,x86-tuned,x86,tuned,run-1,33,metrics-api,7.949,8.133,50.0,52.0,7.909,8.004,0.0,0.0,True,1000000000,samples,3.051546288,105,True,360.009,m8i.4xlarge,16,6.18.48,0.0,0.0,0.05,0.0,51.38,50.18,0.0,0.0,0.13,0.12,48.33,49.81,0.0,0.0,0.0,0.0,48.13,49.65,,,,,,,,,,,28.65,24.64,,,2.53,2.4,,,,,26.1,20.67,0.74,0.59,,,215.67,216.92,,,,,,,,
2026-09-24-cal-llama-x86t15,calibration,inference,x86-t15,x86,t15,run-1,33,metrics-api,15.052,15.215,96.0,97.0,14.996,15.002,0.0,0.0,True,1000000000,samples,8.40206157,165,True,360.009,m8i.4xlarge,16,6.18.48,0.0,0.0,0.05,0.0,8.95,5.82,0.01,0.0,0.18,0.12,90.76,94.17,0.0,0.0,0.0,0.0,90.51,93.99,,,,,,,,,,,27.63,25.84,,,2.7,2.69,,,,,21.34,19.2,0.73,0.62,,,244.98,248.67,,,,,,,,
2026-09-24-cal-net-arm,calibration,net,arm-tuned,arm,tuned,run-1,18,metrics-api,0.46,1.036,3.0,7.0,0.1045,0.615,0.0,0.0,True,1000000000,samples,68.71133787,428,True,120.006,m9g.4xlarge,16,6.18.48,0.0,0.0,0.14,0.0,95.61,94.98,0.0,0.0,1.35,0.99,3.56,4.11,0.0,0.0,1.94,2.62,0.11,0.06,0.32,0.23,2.04,1.66,362.5,401.65,11.36,8.75,0.0,0.0,10.53,9.62,,,2.58,1.89,0.03,0.0,0.08,0.05,30.11,17.2,0.78,0.69,1.27,0.66,474.72,459.11,,,,,,,,
2026-09-25-cal-llama-amd,calibration,inference,amd-tuned,amd,tuned,run-1,33,metrics-api,15.046,15.246,96.0,97.0,14.998,15.008,0.0,0.0,True,1000000000,samples,0.845360796,90,True,360.004,m8a.4xlarge,16,6.18.48,0.0,0.0,0.03,0.0,9.76,5.88,0.09,0.06,0.13,0.12,89.96,94.11,0.0,0.0,0.0,0.0,89.69,93.87,0.11,0.1,1.33,1.25,,,7.71,7.4,,,,,,,3.12,2.89,,,0.05,0.04,36.63,38.03,0.88,0.75,1.34,1.17,391.84,427.33,,,,,,,,
2026-09-25-task7-d1,task7-d1,go,amd-stock,amd,stock,run-1,44,metrics-api,11.679,13.691,74.5,87.0,11.401,13.634,5.0,7.0,True,1000000000,samples,5834.216296482,1149,True,480.007,m8a.4xlarge,16,6.18.48,0.0,0.0,0.03,0.0,24.5,21.34,0.0,0.0,1.57,1.56,75.29,77.22,0.0,0.0,1.66,1.67,72.01,73.23,0.14,0.1,3.58,3.75,,,5.97,5.07,,,,,,,2.14,1.96,,,0.04,0.01,50.82,54.8,1.06,0.98,0.74,0.64,265.5,271.07,,,,,,,,
2026-09-25-task7-d1,task7-d1,go,amd-stock,amd,stock,run-2,44,metrics-api,10.3065,13.702,65.0,87.0,10.332,14.643,5.0,8.0,True,1000000000,samples,4872.06169002,1112,True,480.006,m8a.4xlarge,16,6.18.48,0.0,0.0,0.0,0.0,35.4,34.67,0.0,0.0,1.45,1.45,64.38,65.32,0.0,0.0,1.48,1.48,61.43,62.32,0.12,0.11,3.72,3.9,,,5.73,5.27,,,,,,,2.16,2.0,,,0.03,0.01,53.96,57.71,0.99,0.94,0.67,0.59,262.31,276.44,,,,,,,,
2026-09-25-task7-d1,task7-d1,go,amd-stock,amd,stock,run-3,44,metrics-api,10.861,13.481,69.0,86.0,10.988,13.566,5.0,8.0,True,1000000000,samples,5330.525591958,1140,True,480.005,m8a.4xlarge,16,6.18.48,0.0,0.0,0.0,0.0,29.85,30.56,0.0,0.0,1.59,1.58,69.94,69.43,0.0,0.0,1.63,1.66,66.7,66.19,0.12,0.11,3.68,3.89,,,5.89,5.26,,,,,,,2.02,1.9,,,0.03,0.01,53.24,57.39,0.99,0.93,0.69,0.61,259.89,272.89,,,,,,,,
2026-09-25-task7-d1,task7-d1,go,arm-stock,arm,stock,run-1,44,metrics-api,11.508500000000002,11.642,73.0,74.0,11.4635,13.724,7.0,9.0,True,1000000000,samples,5423.484351684,1168,True,480.003,m9g.4xlarge,16,6.18.48,0.0,0.0,0.04,0.0,29.76,27.63,0.0,0.0,1.29,1.28,70.02,72.36,0.0,0.0,1.5,1.52,67.18,69.52,0.29,0.27,4.45,4.65,413.69,418.08,5.9,5.41,0.0,0.0,7.06,6.77,,,1.37,1.07,0.0,0.0,0.03,0.03,35.63,35.6,1.4,1.3,0.39,0.32,339.35,358.55,,,,,,,,
2026-09-25-task7-d1,task7-d1,go,arm-stock,arm,stock,run-2,44,metrics-api,11.745000000000001,11.859,75.0,75.0,11.746,14.854,7.0,9.0,True,1000000000,samples,5572.092594054,1181,True,480.005,m9g.4xlarge,16,6.18.48,0.0,0.0,0.0,0.0,26.68,25.87,0.0,0.0,1.35,1.32,73.11,74.12,0.0,0.0,1.6,1.6,70.15,71.2,0.29,0.29,4.51,4.62,415.37,418.24,5.77,5.56,0.0,0.0,7.04,6.98,,,1.28,1.04,0.0,0.0,0.03,0.03,35.34,36.07,1.39,1.31,0.39,0.34,342.36,352.64,,,,,,,,
2026-09-25-task7-d1,task7-d1,go,arm-stock,arm,stock,run-3,44,metrics-api,11.791,14.813,75.0,94.0,11.728,12.58,6.0,9.0,True,1000000000,samples,5568.731769426,1175,True,480.006,m9g.4xlarge,16,6.18.48,0.0,0.0,0.0,0.0,26.68,25.86,0.0,0.0,1.37,1.36,73.11,74.13,0.0,0.0,1.57,1.58,70.15,71.19,0.27,0.27,4.67,4.81,418.78,419.02,5.37,5.09,0.0,0.0,7.14,6.94,,,1.43,1.09,0.01,0.0,0.03,0.02,37.05,41.63,1.35,1.24,0.44,0.41,330.98,339.1,,,,,,,,
2026-09-25-task7-d1,task7-d1,go,x86-stock,x86,stock,run-1,44,metrics-api,11.412,12.382,72.0,79.0,11.412,11.432,4.0,7.0,True,1000000000,samples,5401.937960664,1174,True,480.01,m8i.4xlarge,16,6.18.48,0.0,0.0,0.03,0.0,29.74,27.78,0.0,0.0,1.34,1.34,70.04,72.21,0.0,0.0,1.97,2.01,66.7,68.78,,,,,,,,,,,24.37,24.71,,,3.26,3.27,,,,,23.18,22.12,0.73,0.67,,,144.65,146.77,,,,,,,,
2026-09-25-task7-d1,task7-d1,go,x86-stock,x86,stock,run-2,44,metrics-api,11.3155,14.991,72.0,95.0,11.324,14.939,4.0,8.0,True,1000000000,samples,5369.113219512,1180,True,480.011,m8i.4xlarge,16,6.18.48,0.0,0.0,0.0,0.0,29.14,28.32,0.0,0.0,1.32,1.32,70.65,71.67,0.0,0.0,1.87,1.88,67.44,68.42,,,,,,,,,,,24.8,24.04,,,3.12,3.09,,,,,23.05,23.18,0.73,0.66,,,141.9,147.95,,,,,,,,
2026-09-25-task7-d1,task7-d1,go,x86-stock,x86,stock,run-3,44,metrics-api,11.287,12.781,72.0,81.0,11.308,13.16,4.0,9.0,True,1000000000,samples,5349.783323262,1178,True,480.011,m8i.4xlarge,16,6.18.48,0.0,0.0,0.0,0.0,29.31,28.51,0.0,0.0,1.39,1.37,70.47,71.48,0.0,0.0,1.92,1.93,67.15,68.15,,,,,,,,,,,25.59,25.4,,,3.77,3.08,,,,,25.48,25.99,0.72,0.62,,,138.27,137.49,,,,,,,,
2026-09-25-task7-d1,task7-d1,java,amd-stock,amd,stock,run-1,39,metrics-api,9.817,10.043,62.0,64.0,9.768,10.86,16.0,24.0,True,1000000000,samples,4501.731805704,2171,True,480.006,m8a.4xlarge,16,6.18.48,0.0,0.0,0.04,0.0,38.83,37.33,0.0,0.0,5.02,5.11,60.95,62.66,0.0,0.0,7.2,7.38,48.68,50.09,0.31,0.25,3.17,3.45,,,6.96,4.76,,,,,,,2.58,2.03,,,0.07,0.03,20.96,17.83,1.35,1.35,1.22,1.22,231.15,209.82,,,,,,,,
2026-09-25-task7-d1,task7-d1,java,amd-stock,amd,stock,run-2,39,metrics-api,9.789,11.262,62.0,72.0,9.756,11.518,16.0,22.0,True,1000000000,samples,4436.814282138,2196,True,480.009,m8a.4xlarge,16,6.18.48,0.0,0.0,0.0,0.0,38.04,37.38,0.0,0.0,5.23,5.33,61.74,62.61,0.0,0.0,7.34,7.44,49.16,49.84,0.3,0.25,3.15,3.35,,,6.61,4.78,,,,,,,2.54,2.05,,,0.06,0.04,19.07,17.6,1.34,1.33,1.15,1.22,229.12,215.03,,,,,,,,
2026-09-25-task7-d1,task7-d1,java,amd-stock,amd,stock,run-3,39,metrics-api,9.822,10.091,62.0,64.0,9.755,9.884,16.0,24.0,True,1000000000,samples,4483.639022814,2217,True,480.006,m8a.4xlarge,16,6.18.48,0.0,0.0,0.0,0.0,37.91,37.15,0.0,0.0,5.19,5.25,61.87,62.84,0.0,0.0,7.33,7.44,49.34,50.0,0.29,0.25,3.15,3.37,,,6.27,4.73,,,,,,,2.51,2.02,,,0.06,0.03,20.51,17.49,1.36,1.34,1.11,1.17,229.17,211.15,,,,,,,,
2026-09-25-task7-d1,task7-d1,java,amd-tuned,amd,tuned,run-1,39,metrics-api,9.591,12.212,61.0,78.0,9.574,11.324,16.0,23.0,True,1000000000,samples,4433.907065742,1057,True,480.005,m8a.4xlarge,16,6.18.48,0.0,0.0,0.04,0.0,40.19,38.49,0.0,0.0,5.27,5.41,59.59,61.5,0.0,0.0,7.16,7.33,47.11,48.64,0.09,0.07,1.49,1.43,,,5.39,3.84,,,,,,,2.44,1.94,,,0.02,0.01,20.05,16.81,1.34,1.31,0.82,0.67,234.34,205.83,,,,,,,,
2026-09-25-task7-d1,task7-d1,java,amd-tuned,amd,tuned,run-2,39,metrics-api,9.62,9.885,61.0,63.0,9.599,9.639,16.0,22.0,True,1000000000,samples,4384.628716902,1053,True,480.004,m8a.4xlarge,16,6.18.48,0.0,0.0,0.0,0.0,38.95,38.22,0.0,0.0,5.38,5.41,60.83,61.77,0.0,0.0,7.32,7.39,48.12,48.81,0.08,0.07,1.52,1.45,,,4.8,3.93,,,,,,,2.26,1.87,,,0.02,0.01,18.69,16.5,1.36,1.36,1.03,0.79,222.24,205.35,,,,,,,,
2026-09-25-task7-d1,task7-d1,java,amd-tuned,amd,tuned,run-3,39,metrics-api,9.622,9.78,61.0,62.0,9.57,9.612,16.0,23.0,True,1000000000,samples,4372.350366804,1027,True,480.007,m8a.4xlarge,16,6.18.48,0.0,0.0,0.0,0.0,39.11,38.53,0.0,0.0,5.38,5.42,60.67,61.45,0.0,0.0,7.32,7.4,47.96,48.55,0.09,0.07,1.65,1.54,,,5.15,3.79,,,,,,,2.4,1.9,,,0.02,0.01,20.11,16.94,1.34,1.34,0.86,0.65,235.54,206.22,,,,,,,,
2026-09-25-task7-d1,task7-d1,java,amd-tuned-vthreads,amd,tuned-vthreads,run-1,39,metrics-api,12.148,12.324,77.0,78.0,11.986,12.082,19.0,26.0,True,1000000000,samples,3166.628758314,1386,True,480.005,m8a.4xlarge,16,6.18.48,0.0,0.0,0.02,0.0,24.83,22.94,0.0,0.0,5.93,6.05,74.96,77.04,0.0,0.0,8.56,8.81,60.43,62.08,0.09,0.08,1.62,1.59,,,4.77,3.76,,,,,,,2.2,1.83,,,0.02,0.01,19.06,16.24,1.35,1.36,0.76,0.66,219.37,194.65,,,,,,,,
2026-09-25-task7-d1,task7-d1,java,amd-tuned-vthreads,amd,tuned-vthreads,run-2,39,metrics-api,12.069,12.463,77.0,79.0,11.938,14.088,19.0,27.0,True,1000000000,samples,3530.474106768,1369,True,480.004,m8a.4xlarge,16,6.18.48,0.0,0.0,0.0,0.0,24.18,23.26,0.0,0.0,6.02,6.07,75.61,76.73,0.0,0.0,8.56,8.67,61.02,61.89,0.09,0.08,1.57,1.54,,,4.51,3.66,,,,,,,2.17,1.86,,,0.02,0.01,17.42,15.71,1.4,1.4,1.03,0.8,218.08,200.93,,,,,,,,
2026-09-25-task7-d1,task7-d1,java,amd-tuned-vthreads,amd,tuned-vthreads,run-3,39,metrics-api,12.079,14.24,77.0,90.0,11.937,14.087,17.0,26.0,True,1000000000,samples,2965.401961032,1372,True,480.005,m8a.4xlarge,16,6.18.48,0.0,0.0,0.0,0.0,24.13,23.25,0.0,0.0,5.95,5.97,75.65,76.74,0.0,0.0,8.6,8.67,61.09,61.99,0.09,0.08,1.64,1.6,,,4.84,3.81,,,,,,,2.26,1.87,,,0.02,0.01,18.0,15.36,1.4,1.43,0.73,0.63,218.27,198.92,,,,,,,,
2026-09-25-task7-d1,task7-d1,java,arm-stock,arm,stock,run-1,39,metrics-api,8.11,12.718,51.0,81.0,9.271,13.011,15.0,20.0,True,1000000000,samples,4306.80397728,1754,True,480.009,m9g.4xlarge,16,6.18.48,0.0,0.0,0.03,0.0,45.97,44.19,0.0,0.0,3.94,4.04,53.81,55.79,0.0,0.0,5.06,5.23,44.76,46.39,0.27,0.25,4.45,4.54,433.01,406.64,5.68,5.75,0.0,0.0,7.4,7.09,,,1.28,1.04,0.0,0.0,0.03,0.02,30.51,34.81,1.44,1.29,0.52,0.5,323.46,369.99,,,,,,,,
2026-09-25-task7-d1,task7-d1,java,arm-stock,arm,stock,run-2,39,metrics-api,8.053,8.233,51.0,52.0,9.236,12.957,14.0,22.0,True,1000000000,samples,4329.350368266,1673,True,480.003,m9g.4xlarge,16,6.18.48,0.0,0.0,0.0,0.0,45.0,44.46,0.0,0.0,4.01,4.02,54.78,55.53,0.0,0.0,5.21,5.23,45.55,46.13,0.26,0.27,4.41,4.52,439.39,429.51,5.48,5.75,0.0,0.0,7.28,7.13,,,1.17,0.99,0.0,0.0,0.02,0.02,30.87,37.15,1.42,1.26,0.5,0.52,308.6,328.47,,,,,,,,
2026-09-25-task7-d1,task7-d1,java,arm-stock,arm,stock,run-3,39,metrics-api,8.274,12.118,53.0,77.0,9.455,12.965,14.0,22.0,True,1000000000,samples,4377.3194388,1681,True,480.003,m9g.4xlarge,16,6.18.48,0.0,0.0,0.0,0.0,43.32,42.83,0.0,0.0,4.03,4.05,56.46,57.15,0.0,0.0,5.35,5.4,47.07,47.66,0.26,0.26,4.45,4.59,444.83,412.94,5.58,5.86,0.0,0.0,7.17,7.08,,,1.13,0.96,0.0,0.0,0.02,0.02,30.36,35.26,1.41,1.25,0.5,0.52,307.44,355.41,,,,,,,,
2026-09-25-task7-d1,task7-d1,java,arm-tuned,arm,tuned,run-1,39,metrics-api,7.565,7.745,48.0,49.0,8.584,8.648,14.0,20.0,True,1000000000,samples,3924.546258318,1377,True,480.004,m9g.4xlarge,16,6.18.48,0.0,0.0,0.04,0.0,49.53,48.14,0.0,0.0,4.06,4.17,50.25,51.84,0.0,0.0,4.7,4.84,41.44,42.69,0.26,0.29,3.73,4.13,415.87,399.62,5.52,5.68,0.0,0.0,7.51,7.34,,,1.22,1.01,0.0,0.0,0.02,0.01,30.67,33.6,1.38,1.26,0.31,0.24,347.4,394.67,,,,,,,,
2026-09-25-task7-d1,task7-d1,java,arm-tuned,arm,tuned,run-2,39,metrics-api,7.913,8.777,50.0,56.0,9.014,10.568,15.0,21.0,True,1000000000,samples,4221.577176054,1444,True,480.004,m9g.4xlarge,16,6.18.48,0.0,0.0,0.0,0.0,45.74,45.33,0.0,0.0,4.13,4.17,54.04,54.65,0.0,0.0,5.11,5.14,44.78,45.37,0.24,0.27,3.88,4.32,435.47,430.49,5.5,5.71,0.0,0.0,7.56,7.38,,,1.17,0.99,0.01,0.0,0.01,0.01,30.71,36.12,1.32,1.15,0.28,0.24,334.1,335.73,,,,,,,,
2026-09-25-task7-d1,task7-d1,java,arm-tuned,arm,tuned,run-3,39,metrics-api,7.872,8.088,50.0,51.0,8.998,9.07,15.0,21.0,True,1000000000,samples,4194.731816142,1439,True,480.005,m9g.4xlarge,16,6.18.48,0.0,0.0,0.0,0.0,46.31,45.8,0.0,0.0,4.1,4.17,53.47,54.18,0.0,0.0,5.05,5.12,44.31,44.9,0.25,0.28,3.81,4.06,422.37,400.13,5.52,5.69,0.0,0.0,7.41,7.36,,,1.15,1.01,0.0,0.0,0.01,0.01,29.76,32.43,1.38,1.21,0.31,0.26,337.14,383.78,,,,,,,,
2026-09-25-task7-d1,task7-d1,java,arm-tuned-vthreads,arm,tuned-vthreads,run-1,39,metrics-api,12.444,12.71,79.0,81.0,12.358,12.462,19.0,27.0,True,1000000000,samples,4134.298828506,1244,True,480.005,m9g.4xlarge,16,6.18.48,0.0,0.0,0.02,0.0,22.88,20.66,0.0,0.0,5.86,6.0,76.9,79.33,0.0,0.0,6.88,7.03,64.11,66.12,0.21,0.21,3.45,3.68,448.51,452.6,5.86,5.74,0.0,0.0,7.48,7.3,,,1.28,1.05,0.0,0.0,0.02,0.01,25.67,28.01,1.36,1.21,0.36,0.33,316.05,328.56,,,,,,,,
2026-09-25-task7-d1,task7-d1,java,arm-tuned-vthreads,arm,tuned-vthreads,run-2,39,metrics-api,12.223,12.576,78.0,80.0,12.202,14.313,19.0,26.0,True,1000000000,samples,3888.072032754,1219,True,480.006,m9g.4xlarge,16,6.18.48,0.0,0.0,0.0,0.0,22.68,21.76,0.0,0.0,5.88,5.94,77.1,78.22,0.0,0.0,6.88,6.95,64.33,65.28,0.21,0.21,3.56,3.75,448.6,458.58,5.48,5.66,0.0,0.0,7.39,7.34,,,1.21,1.02,0.0,0.0,0.01,0.01,25.29,27.04,1.38,1.23,0.35,0.33,315.31,321.38,,,,,,,,
2026-09-25-task7-d1,task7-d1,java,arm-tuned-vthreads,arm,tuned-vthreads,run-3,39,metrics-api,12.267,14.417,78.0,92.0,12.19,14.3,18.0,26.0,True,1000000000,samples,4445.865828222,1219,True,480.005,m9g.4xlarge,16,6.18.48,0.0,0.0,0.0,0.0,22.75,21.83,0.0,0.0,5.95,5.96,77.03,78.16,0.0,0.0,6.88,6.98,64.19,65.19,0.2,0.21,3.52,3.73,443.7,452.11,5.49,5.55,0.0,0.0,7.28,7.29,,,1.24,1.07,0.0,0.0,0.01,0.01,24.86,27.08,1.37,1.25,0.34,0.31,326.35,319.07,,,,,,,,
2026-09-25-task7-d1,task7-d1,java,x86-smtoff,x86,smtoff,run-1,38,metrics-api,4.1935,4.397,54.0,57.0,4.518,4.546,8.0,10.0,True,1000000000,samples,2104.27827897,1285,True,480.008,m8i.4xlarge,8,6.18.48,0.0,0.0,0.06,0.0,44.87,43.64,0.01,0.0,3.5,3.57,54.91,56.35,0.0,0.0,6.57,6.71,44.75,45.96,,,,,,,,,,,13.83,13.43,,,2.85,2.93,,,,,57.64,62.84,0.99,0.87,,,304.49,315.79,,,,,,,,
2026-09-25-task7-d1,task7-d1,java,x86-smtoff,x86,smtoff,run-2,38,metrics-api,4.2555,4.328,55.0,56.0,4.5455000000000005,4.561,7.5,10.0,True,1000000000,samples,2115.505082712,1283,True,480.008,m8i.4xlarge,8,6.18.48,0.0,0.0,0.0,0.0,43.64,43.11,0.02,0.0,3.53,3.54,56.14,56.88,0.0,0.0,6.74,6.76,45.84,46.45,,,,,,,,,,,13.94,13.55,,,2.88,2.94,,,,,57.58,62.79,0.98,0.87,,,309.42,321.91,,,,,,,,
2026-09-25-task7-d1,task7-d1,java,x86-smtoff,x86,smtoff,run-3,38,metrics-api,4.230499999999999,4.332,55.0,56.0,4.5355,4.558,7.0,10.0,True,1000000000,samples,2109.267969522,1279,True,480.008,m8i.4xlarge,8,6.18.48,0.0,0.0,0.0,0.0,43.86,43.32,0.01,0.0,3.54,3.55,55.92,56.67,0.0,0.0,6.68,6.71,45.67,46.22,,,,,,,,,,,14.15,13.79,,,2.84,2.97,,,,,57.93,61.45,0.97,0.87,,,311.65,328.39,,,,,,,,
2026-09-25-task7-d1,task7-d1,java,x86-stock,x86,stock,run-1,38,metrics-api,9.815999999999999,10.213,62.0,65.0,10.143,10.28,9.0,12.0,True,1000000000,samples,4482.494692956,2225,True,480.007,m8i.4xlarge,16,6.18.48,0.0,0.0,0.04,0.0,37.5,35.76,0.0,0.0,3.9,4.0,62.28,64.23,0.0,0.0,5.87,6.0,52.44,54.13,,,,,,,,,,,17.27,17.26,,,2.73,2.37,,,,,16.92,18.1,1.01,0.94,,,154.38,160.83,,,,,,,,
2026-09-25-task7-d1,task7-d1,java,x86-stock,x86,stock,run-2,38,metrics-api,9.995999999999999,10.171,63.0,65.0,10.4595,10.496,9.5,14.0,True,1000000000,samples,3969.84522585,2219,True,480.006,m8i.4xlarge,16,6.18.48,0.0,0.0,0.0,0.0,34.68,33.98,0.0,0.0,3.94,3.96,65.1,66.01,0.0,0.0,6.1,6.17,55.04,55.76,,,,,,,,,,,17.94,17.51,,,2.44,2.51,,,,,19.07,18.49,1.03,0.93,,,157.24,156.39,,,,,,,,
2026-09-25-task7-d1,task7-d1,java,x86-stock,x86,stock,run-3,38,metrics-api,10.3205,10.567,66.0,67.0,10.8155,10.849,10.0,14.0,True,1000000000,samples,4057.2163569,2201,True,480.007,m8i.4xlarge,16,6.18.48,0.0,0.0,0.0,0.0,32.51,31.77,0.0,0.0,3.92,3.93,67.27,68.22,0.0,0.0,6.39,6.39,56.96,57.77,,,,,,,,,,,17.55,17.38,,,2.48,2.54,,,,,18.19,18.48,1.03,0.91,,,157.11,154.49,,,,,,,,
2026-09-25-task7-d1,task7-d1,java,x86-tuned,x86,tuned,run-1,38,metrics-api,10.156500000000001,10.574,64.0,67.0,10.657,10.743,11.0,15.0,True,1000000000,samples,4318.45346142,2185,True,480.008,m8i.4xlarge,16,6.18.48,0.0,0.0,0.03,0.0,34.47,32.89,0.01,0.0,4.18,4.28,65.31,67.09,0.0,0.0,6.59,6.76,54.49,56.06,,,,,,,,,,,16.82,16.47,,,2.77,2.44,,,,,17.25,18.84,1.04,0.95,,,158.15,164.86,,,,,,,,
2026-09-25-task7-d1,task7-d1,java,x86-tuned,x86,tuned,run-2,38,metrics-api,10.157,10.356,64.0,66.0,10.649,10.678,11.0,15.0,True,1000000000,samples,4279.989545202,2168,True,480.008,m8i.4xlarge,16,6.18.48,0.0,0.0,0.0,0.0,33.49,32.78,0.01,0.0,4.24,4.28,66.29,67.21,0.0,0.0,6.7,6.79,55.33,56.13,,,,,,,,,,,16.87,16.6,,,2.42,2.55,,,,,18.12,18.54,1.05,0.95,,,162.8,160.02,,,,,,,,
2026-09-25-task7-d1,task7-d1,java,x86-tuned,x86,tuned,run-3,38,metrics-api,10.093,10.306,64.0,65.0,10.64,10.686,11.0,15.0,True,1000000000,samples,4108.422540726,2149,True,480.008,m8i.4xlarge,16,6.18.48,0.0,0.0,0.0,0.0,33.62,32.91,0.01,0.0,4.18,4.21,66.16,67.06,0.0,0.0,6.67,6.73,55.29,56.09,,,,,,,,,,,16.67,16.47,,,2.43,2.52,,,,,17.63,18.47,1.07,0.98,,,155.97,162.67,,,,,,,,
2026-09-25-task7-d1,task7-d1,java,x86-tuned-vthreads,x86,tuned-vthreads,run-1,39,metrics-api,12.272,12.475,78.0,79.0,12.191,12.26,11.0,16.0,True,1000000000,samples,2762.082380316,2007,True,480.008,m8i.4xlarge,16,6.18.48,0.0,0.0,0.02,0.0,23.7,21.64,0.01,0.0,5.07,5.21,76.08,78.34,0.0,0.0,7.33,7.51,63.64,65.54,,,,,,,,,,,16.97,16.98,,,2.47,2.58,,,,,18.57,19.17,1.05,0.93,,,153.17,155.12,,,,,,,,
2026-09-25-task7-d1,task7-d1,java,x86-tuned-vthreads,x86,tuned-vthreads,run-2,39,metrics-api,12.27,12.527,78.0,80.0,12.203,12.258,11.0,17.0,True,1000000000,samples,2507.700945666,2014,True,480.008,m8i.4xlarge,16,6.18.48,0.0,0.0,0.0,0.0,22.36,21.54,0.01,0.0,5.2,5.28,77.42,78.44,0.0,0.0,7.33,7.4,64.86,65.75,,,,,,,,,,,17.26,17.2,,,2.46,2.52,,,,,18.4,19.91,1.03,0.94,,,154.0,155.84,,,,,,,,
2026-09-25-task7-d1,task7-d1,java,x86-tuned-vthreads,x86,tuned-vthreads,run-3,39,metrics-api,12.238,12.447,78.0,79.0,12.169,12.245,11.0,16.0,True,1000000000,samples,2362.670022762,2020,True,480.008,m8i.4xlarge,16,6.18.48,0.0,0.0,0.0,0.0,22.55,21.69,0.01,0.0,5.17,5.21,77.23,78.29,0.0,0.0,7.27,7.34,64.77,65.65,,,,,,,,,,,17.38,17.14,,,2.44,2.58,,,,,17.45,19.68,1.03,0.93,,,151.51,154.14,,,,,,,,
2026-09-26-ab-pg-clients,ab-test,postgres,arm-stock,arm,stock,run-1,41,metrics-api,12.771,15.149,81.0,96.0,12.394,14.995,8.0,8.0,True,1000000000,samples,2091.7525062,565,True,480.008,m9g.4xlarge,16,6.18.48,0.0,0.0,0.03,0.0,21.17,19.58,0.0,0.0,17.49,17.96,78.61,80.41,0.0,0.0,12.18,12.49,48.89,50.12,0.21,0.19,4.77,5.08,349.03,352.01,7.48,7.34,0.0,0.0,10.93,11.26,,,1.26,1.04,0.0,0.0,0.02,0.02,30.56,31.8,1.15,1.11,0.46,0.39,446.45,441.66,,,,,,,,
2026-09-26-ab-pg-clients,ab-test,postgres,arm-stock,arm,stock,run-2,42,metrics-api,13.2405,15.206,84.0,97.0,12.6785,14.987,8.0,8.0,True,1000000000,samples,2287.752499536,587,True,480.007,m9g.4xlarge,16,6.18.48,0.0,0.0,0.0,0.0,15.22,16.54,0.0,0.0,19.16,18.92,84.57,83.36,0.0,0.0,12.43,12.58,52.96,52.0,0.18,0.17,4.4,4.55,375.58,370.62,7.1,7.03,0.0,0.0,11.4,11.41,,,1.09,0.92,0.0,0.0,0.02,0.01,25.57,26.43,1.2,1.14,0.35,0.31,419.01,426.77,,,,,,,,
2026-09-26-task7-d2,task7-d2,inference,amd-stock,amd,stock,run-1,33,metrics-api,11.294,11.917,72.0,76.0,11.413,11.757,0.0,0.0,True,1000000000,samples,142.412366292,139,True,360.004,m8a.4xlarge,16,6.18.48,0.0,0.0,0.05,0.0,28.71,26.9,0.0,0.0,2.83,2.83,71.0,73.08,0.0,0.0,0.0,0.0,68.11,70.08,0.61,0.53,4.09,3.98,,,16.18,14.04,,,,,,,4.4,3.98,,,0.22,0.19,44.55,45.43,0.72,0.6,1.22,0.96,385.93,425.77,,,,,,,,
2026-09-26-task7-d2,task7-d2,inference,amd-stock,amd,stock,run-2,33,metrics-api,11.357,11.693,72.0,74.0,11.465,11.568,0.0,0.0,True,1000000000,samples,142.381438458,104,True,360.007,m8a.4xlarge,16,6.18.48,0.0,0.0,0.0,0.0,27.06,26.9,0.0,0.0,2.92,2.87,72.65,73.08,0.0,0.0,0.0,0.0,69.71,70.13,0.52,0.44,4.16,4.02,,,13.7,12.78,,,,,,,4.05,3.96,,,0.18,0.16,41.42,40.24,0.7,0.61,1.12,0.93,365.71,415.1,,,,,,,,
2026-09-26-task7-d2,task7-d2,inference,amd-stock,amd,stock,run-3,33,metrics-api,11.462,11.665,73.0,74.0,11.496,11.628,0.0,0.0,True,1000000000,samples,143.546386872,122,True,360.006,m8a.4xlarge,16,6.18.48,0.0,0.0,0.0,0.0,26.97,26.65,0.0,0.0,2.82,2.81,72.74,73.34,0.0,0.0,0.0,0.0,69.9,70.5,0.54,0.5,4.13,3.89,,,13.93,12.77,,,,,,,4.11,3.93,,,0.18,0.16,42.48,42.51,0.7,0.6,1.2,0.99,358.92,406.9,,,,,,,,
2026-09-26-task7-d2,task7-d2,inference,amd-tuned,amd,tuned,run-1,33,metrics-api,15.044,15.142,96.0,96.0,14.997,15.005,0.0,0.0,True,1000000000,samples,0.82474224,134,True,360.005,m8a.4xlarge,16,6.18.48,0.0,0.0,0.05,0.0,7.19,5.94,0.0,0.0,0.12,0.12,92.52,94.05,0.0,0.0,0.0,0.0,92.33,93.92,0.11,0.1,1.12,1.0,,,7.68,7.43,,,,,,,2.84,2.61,,,0.05,0.04,30.22,31.4,0.96,0.82,1.25,1.04,341.65,365.78,,,,,,,,
2026-09-26-task7-d2,task7-d2,inference,amd-tuned,amd,tuned,run-2,33,metrics-api,15.047,15.072,96.0,96.0,14.999,15.005,0.0,0.0,True,1000000000,samples,0.536082456,81,True,360.006,m8a.4xlarge,16,6.18.48,0.0,0.0,0.0,0.0,7.39,5.94,0.0,0.0,0.13,0.12,92.32,94.05,0.0,0.0,0.0,0.0,92.18,93.92,0.12,0.1,1.16,1.06,,,8.28,7.69,,,,,,,2.95,2.58,,,0.05,0.04,32.6,32.1,0.94,0.82,1.4,1.13,354.51,366.45,,,,,,,,
2026-09-26-task7-d2,task7-d2,inference,amd-tuned,amd,tuned,run-3,33,metrics-api,15.045,15.059,96.0,96.0,14.999,15.003,0.0,0.0,True,1000000000,samples,0.680412348,91,True,360.005,m8a.4xlarge,16,6.18.48,0.0,0.0,0.0,0.0,7.06,5.94,0.0,0.0,0.13,0.12,92.66,94.05,0.0,0.0,0.0,0.0,92.51,93.92,0.11,0.1,1.19,1.02,,,8.37,7.69,,,,,,,2.92,2.55,,,0.06,0.04,34.51,32.98,0.93,0.83,1.32,1.08,362.47,380.38,,,,,,,,
2026-09-26-task7-d2,task7-d2,inference,arm-stock,arm,stock,run-1,33,metrics-api,10.853,11.254,69.0,71.0,10.882,10.896,0.0,0.0,True,1000000000,samples,125.546387484,172,True,360.005,m9g.4xlarge,16,6.18.48,0.0,0.0,0.05,0.0,33.06,30.84,0.0,0.0,2.85,2.88,66.65,69.1,0.0,0.0,0.0,0.0,63.75,66.16,0.49,0.49,4.19,4.42,241.14,180.94,12.03,11.68,0.01,0.01,10.08,8.07,,,3.67,3.32,0.0,0.0,0.09,0.07,27.93,19.03,0.9,0.93,1.09,0.81,631.56,716.77,,,,,,,,
2026-09-26-task7-d2,task7-d2,inference,arm-stock,arm,stock,run-2,33,metrics-api,10.739,11.14,68.0,71.0,10.885,10.904,0.0,0.0,True,1000000000,samples,122.556696864,122,True,360.005,m9g.4xlarge,16,6.18.48,0.0,0.0,0.0,0.0,32.14,30.94,0.0,0.0,2.99,2.97,67.57,69.04,0.0,0.0,0.0,0.0,64.57,66.03,0.46,0.45,4.23,4.62,228.47,237.27,10.72,10.52,0.01,0.01,10.41,8.86,,,3.5,3.37,0.0,0.0,0.08,0.07,29.72,23.32,0.82,0.81,1.09,0.88,600.27,585.25,,,,,,,,
2026-09-26-task7-d2,task7-d2,inference,arm-stock,arm,stock,run-3,33,metrics-api,10.73,11.089,68.0,70.0,10.882,10.891,0.0,0.0,True,1000000000,samples,126.257727666,122,True,360.005,m9g.4xlarge,16,6.18.48,0.0,0.0,0.0,0.0,32.23,30.98,0.0,0.0,2.99,2.96,67.48,69.0,0.0,0.0,0.0,0.0,64.48,66.1,0.43,0.39,4.31,4.91,254.78,234.63,9.69,8.58,0.01,0.0,11.35,11.56,,,3.67,3.43,0.03,0.0,0.07,0.06,29.96,22.47,0.66,0.57,1.17,0.91,588.9,586.83,,,,,,,,
2026-09-26-task7-d2,task7-d2,inference,arm-tuned,arm,tuned,run-1,33,metrics-api,14.751,14.892,94.0,95.0,14.712,14.732,0.0,0.0,True,1000000000,samples,1.793814372,129,True,360.005,m9g.4xlarge,16,6.18.48,0.0,0.0,0.06,0.0,11.24,7.7,0.0,0.0,0.19,0.18,88.47,92.29,0.0,0.0,0.0,0.0,88.21,92.1,0.29,0.26,2.25,1.9,379.62,399.52,8.41,7.27,0.01,0.0,10.14,9.88,,,3.43,3.32,0.02,0.0,0.06,0.05,29.3,22.51,0.97,0.8,1.09,0.83,413.9,361.01,,,,,,,,
2026-09-26-task7-d2,task7-d2,inference,arm-tuned,arm,tuned,run-2,33,metrics-api,14.758,14.814,94.0,94.0,14.71,14.733,0.0,0.0,True,1000000000,samples,1.90721643,141,True,360.005,m9g.4xlarge,16,6.18.48,0.0,0.0,0.0,0.0,9.03,7.68,0.0,0.0,0.2,0.18,90.68,92.3,0.0,0.0,0.0,0.0,90.47,92.11,0.3,0.27,2.12,1.82,394.66,407.6,9.55,8.72,0.01,0.0,8.92,7.82,,,3.54,3.59,0.0,0.0,0.06,0.05,29.48,23.56,1.02,0.95,1.14,0.92,396.18,357.14,,,,,,,,
2026-09-26-task7-d2,task7-d2,inference,arm-tuned,arm,tuned,run-3,33,metrics-api,14.734,14.883,94.0,94.0,14.702,14.727,0.0,0.0,True,1000000000,samples,2.103092712,129,True,360.005,m9g.4xlarge,16,6.18.48,0.0,0.0,0.0,0.0,9.6,7.69,0.0,0.0,0.17,0.18,90.11,92.3,0.0,0.0,0.0,0.0,89.93,92.13,0.31,0.29,2.22,2.1,389.04,353.99,9.94,8.86,0.01,0.01,9.02,8.08,,,3.66,3.36,0.01,0.0,0.07,0.07,29.69,23.08,1.07,1.07,1.14,0.86,423.54,421.62,,,,,,,,
2026-09-26-task7-d2,task7-d2,inference,x86-stock,x86,stock,run-1,33,metrics-api,8.048,8.109,51.0,51.0,7.999,8.006,0.0,0.0,True,1000000000,samples,2.309278272,70,True,360.007,m8i.4xlarge,16,6.18.48,0.0,0.0,0.05,0.0,50.84,49.65,0.0,0.0,0.19,0.18,48.88,50.34,0.0,0.0,0.0,0.0,48.62,50.15,,,,,,,,,,,37.13,31.62,,,3.22,2.46,,,,,25.27,22.41,0.55,0.49,,,217.1,233.08,,,,,,,,
2026-09-26-task7-d2,task7-d2,inference,x86-stock,x86,stock,run-2,33,metrics-api,8.046,8.126,51.0,52.0,8.001,8.004,0.0,0.0,True,1000000000,samples,2.701030836,104,True,360.012,m8i.4xlarge,16,6.18.48,0.0,0.0,0.0,0.0,49.43,49.65,0.0,0.0,0.19,0.18,50.29,50.34,0.0,0.0,0.0,0.0,50.08,50.21,,,,,,,,,,,41.45,39.58,,,2.47,2.45,,,,,27.31,18.1,0.55,0.46,,,206.8,220.76,,,,,,,,
2026-09-26-task7-d2,task7-d2,inference,x86-stock,x86,stock,run-3,34,metrics-api,8.0205,8.07,51.0,51.0,7.958,8.009,0.0,0.0,True,1000000000,samples,3.103092678,106,True,360.01,m8i.4xlarge,16,6.18.48,0.0,0.0,0.0,0.0,49.73,49.78,0.0,0.0,0.17,0.12,49.98,50.21,0.0,0.0,0.0,0.0,49.8,50.06,,,,,,,,,,,34.47,31.47,,,3.59,2.66,,,,,26.3,23.18,0.57,0.5,,,223.93,234.21,,,,,,,,
2026-09-26-task7-d2,task7-d2,inference,x86-t8,x86,t8,run-1,33,metrics-api,8.041,8.139,51.0,52.0,8.001,8.005,0.0,0.0,True,1000000000,samples,1.639175202,94,True,360.009,m8i.4xlarge,16,6.18.48,0.0,0.0,0.04,0.0,50.57,49.62,0.01,0.0,0.11,0.06,49.14,50.37,0.0,0.0,0.0,0.0,48.97,50.28,,,,,,,,,,,38.9,37.64,,,2.35,2.16,,,,,26.78,21.54,0.61,0.5,,,221.14,240.89,,,,,,,,
2026-09-26-task7-d2,task7-d2,inference,x86-t8,x86,t8,run-2,33,metrics-api,8.036,8.079,51.0,51.0,8.001,8.006,0.0,0.0,True,1000000000,samples,2.020618488,85,True,360.009,m8i.4xlarge,16,6.18.48,0.0,0.0,0.0,0.0,49.62,49.65,0.01,0.0,0.13,0.12,50.09,50.34,0.0,0.0,0.0,0.0,49.94,50.25,,,,,,,,,,,40.14,34.83,,,2.62,2.25,,,,,21.18,18.48,0.61,0.52,,,208.53,206.52,,,,,,,,
2026-09-26-task7-d2,task7-d2,inference,x86-t8,x86,t8,run-3,33,metrics-api,8.049,8.072,51.0,51.0,8.001,8.005,0.0,0.0,True,1000000000,samples,2.659793724,81,True,360.009,m8i.4xlarge,16,6.18.48,0.0,0.0,0.0,0.0,49.81,49.61,0.01,0.0,0.14,0.12,49.9,50.38,0.0,0.0,0.0,0.0,49.74,50.25,,,,,,,,,,,39.7,31.79,,,2.28,2.17,,,,,24.85,19.16,0.62,0.48,,,211.08,215.2,,,,,,,,
2026-09-26-task7-d2,task7-d2,inference,x86-tuned,x86,tuned,run-1,33,metrics-api,15.048,15.27,96.0,97.0,14.996,15.009,0.0,0.0,True,1000000000,samples,5.711340012,138,True,360.008,m8i.4xlarge,16,6.18.48,0.0,0.0,0.03,0.0,8.44,5.82,0.0,0.0,0.16,0.12,91.27,94.17,0.0,0.0,0.0,0.0,91.07,93.99,,,,,,,,,,,30.06,28.31,,,2.76,2.64,,,,,19.87,20.38,0.74,0.68,,,238.0,237.0,,,,,,,,
2026-09-26-task7-d2,task7-d2,inference,x86-tuned,x86,tuned,run-2,33,metrics-api,15.052,15.093,96.0,96.0,14.998,15.005,0.0,0.0,True,1000000000,samples,5.237113224,71,True,360.008,m8i.4xlarge,16,6.18.48,0.0,0.0,0.0,0.0,5.91,5.82,0.0,0.0,0.18,0.12,93.8,94.17,0.0,0.0,0.0,0.0,93.62,94.04,,,,,,,,,,,31.29,29.39,,,2.89,2.54,,,,,21.03,20.77,0.75,0.64,,,242.47,229.31,,,,,,,,
2026-09-26-task7-d2,task7-d2,inference,x86-tuned,x86,tuned,run-3,33,metrics-api,15.049,15.066,96.0,96.0,14.997,15.005,0.0,0.0,True,1000000000,samples,3.731958636,78,True,360.008,m8i.4xlarge,16,6.18.48,0.0,0.0,0.0,0.0,6.92,5.82,0.0,0.0,0.16,0.12,92.79,94.17,0.0,0.0,0.0,0.0,92.62,94.04,,,,,,,,,,,28.2,28.11,,,2.65,2.58,,,,,21.79,20.16,0.76,0.64,,,238.49,237.9,,,,,,,,
2026-09-26-task7-d2,task7-d2,mongo,amd-stock,amd,stock,run-1,44,metrics-api,7.669499999999999,9.918,49.0,63.0,7.4595,10.358,31.0,48.0,True,1000000000,samples,835.628837568,821,True,480.012,m8a.4xlarge,16,6.18.48,0.0,0.0,1.21,0.19,50.75,50.5,0.0,0.0,5.67,5.81,49.03,49.49,0.0,0.0,6.75,6.93,35.38,35.42,0.47,0.32,3.2,3.1,,,12.35,8.29,,,,,,,3.24,2.47,,,0.15,0.09,30.82,25.39,0.95,0.93,0.79,0.5,276.41,271.63,,,,,,,,
2026-09-26-task7-d2,task7-d2,mongo,amd-stock,amd,stock,run-2,44,metrics-api,7.701,8.522,49.0,54.0,7.4435,8.016,31.0,32.0,True,1000000000,samples,846.216466074,820,True,480.012,m8a.4xlarge,16,6.18.48,0.0,0.0,1.27,0.19,49.81,50.03,0.0,0.0,5.8,5.84,49.97,49.96,0.0,0.0,6.86,6.93,36.02,35.72,0.48,0.38,3.63,3.73,,,12.67,9.29,,,,,,,3.3,2.54,,,0.16,0.09,29.88,24.64,0.89,0.93,0.71,0.45,271.54,267.25,,,,,,,,
2026-09-26-task7-d2,task7-d2,mongo,amd-stock,amd,stock,run-3,44,metrics-api,7.5205,8.788,48.0,56.0,7.316,7.825,30.0,32.0,True,1000000000,samples,819.268013382,874,True,480.008,m8a.4xlarge,16,6.18.48,0.0,0.0,1.25,0.19,50.97,51.33,0.0,0.0,5.54,5.64,48.81,48.6,0.0,0.0,6.82,6.89,35.18,35.02,0.52,0.39,3.61,3.53,,,12.38,8.26,,,,,,,3.35,2.55,,,0.16,0.09,29.89,25.44,0.95,0.93,0.68,0.45,289.35,273.88,,,,,,,,
2026-09-26-task7-d2,task7-d2,mongo,amd-tuned,amd,tuned,run-1,44,metrics-api,10.161999999999999,12.56,64.5,80.0,9.953,10.846,35.0,37.0,True,1000000000,samples,836.845332372,821,True,480.007,m8a.4xlarge,16,6.18.48,0.0,0.0,1.07,0.13,35.74,34.02,0.0,0.0,5.37,5.37,64.05,65.93,0.0,0.0,6.29,6.47,51.3,52.05,0.1,0.08,1.5,1.43,,,6.56,5.64,,,,,,,2.44,2.15,,,0.04,0.02,25.53,23.42,1.16,1.08,0.96,0.71,278.08,262.33,,,,,,,,
2026-09-26-task7-d2,task7-d2,mongo,amd-tuned,amd,tuned,run-2,44,metrics-api,10.468,11.703,66.0,74.0,10.3195,11.061,36.0,37.0,True,1000000000,samples,872.773166202,836,True,480.007,m8a.4xlarge,16,6.18.48,0.0,0.0,1.07,0.12,33.43,32.21,0.0,0.0,5.63,5.73,66.35,67.71,0.0,0.0,6.61,6.75,53.02,53.69,0.1,0.08,1.61,1.55,,,6.47,5.61,,,,,,,2.46,2.16,,,0.03,0.02,25.75,23.71,1.17,1.1,0.93,0.69,270.76,255.6,,,,,,,,
2026-09-26-task7-d2,task7-d2,mongo,amd-tuned,amd,tuned,run-3,44,metrics-api,10.043,11.725,63.5,74.0,9.759,11.001,35.0,37.0,True,1000000000,samples,829.556672826,869,True,480.006,m8a.4xlarge,16,6.18.48,0.0,0.0,1.1,0.13,36.38,35.51,0.0,0.0,5.36,5.39,63.4,64.43,0.0,0.0,6.4,6.49,50.54,50.92,0.1,0.09,1.68,1.61,,,6.88,6.03,,,,,,,2.55,2.27,,,0.04,0.03,26.78,24.12,1.14,1.07,0.97,0.72,281.38,270.92,,,,,,,,
2026-09-26-task7-d2,task7-d2,mongo,arm-stock,arm,stock,run-1,44,metrics-api,8.7315,9.357,55.0,59.0,8.445,8.743,47.0,57.0,True,1000000000,samples,988.597904532,991,True,480.012,m9g.4xlarge,16,6.18.48,0.0,0.0,1.79,0.25,44.04,43.21,0.0,0.0,7.53,7.63,55.74,56.74,0.0,0.0,6.98,7.17,39.43,39.97,0.23,0.22,5.07,5.15,413.96,410.11,7.69,7.59,0.0,0.0,11.47,11.6,,,1.25,1.09,0.0,0.0,0.02,0.02,30.39,30.36,1.15,1.14,0.33,0.29,373.49,378.13,,,,,,,,
2026-09-26-task7-d2,task7-d2,mongo,arm-stock,arm,stock,run-2,44,metrics-api,8.844000000000001,9.155,56.0,58.0,8.449,8.671,46.0,48.0,True,1000000000,samples,990.690687966,1001,True,480.005,m9g.4xlarge,16,6.18.48,0.0,0.0,1.71,0.24,43.35,43.23,0.0,0.0,7.54,7.65,56.44,56.71,0.0,0.0,7.13,7.22,40.05,39.96,0.23,0.23,5.07,5.07,432.39,416.87,7.81,7.58,0.0,0.0,11.29,11.44,,,1.27,1.12,0.0,0.0,0.02,0.02,30.54,30.58,1.21,1.16,0.33,0.3,365.53,372.28,,,,,,,,
2026-09-26-task7-d2,task7-d2,mongo,arm-stock,arm,stock,run-3,44,metrics-api,8.789,9.275,56.0,59.0,8.503499999999999,8.786,48.0,49.0,True,1000000000,samples,1002.432955608,785,True,480.006,m9g.4xlarge,16,6.18.48,0.0,0.0,1.71,0.19,43.18,42.85,0.0,0.0,7.67,7.7,56.61,57.13,0.0,0.0,7.17,7.26,40.04,40.14,0.24,0.23,5.26,5.37,409.33,404.85,7.67,7.71,0.0,0.0,11.61,11.8,,,1.32,1.11,0.0,0.0,0.02,0.02,31.72,31.82,1.16,1.1,0.35,0.32,378.92,378.51,,,,,,,,
2026-09-26-task7-d2,task7-d2,mongo,arm-tuned,arm,tuned,run-1,44,metrics-api,8.141,8.488,52.0,54.0,7.827,8.141,47.0,62.0,True,1000000000,samples,928.907184912,881,True,480.005,m9g.4xlarge,16,6.18.48,0.0,0.0,1.73,0.2,47.89,47.09,0.0,0.0,7.08,7.22,51.89,52.89,0.0,0.0,6.74,6.93,36.34,36.87,0.19,0.17,4.53,4.64,414.99,413.05,7.66,7.55,0.0,0.0,11.39,11.49,,,1.17,1.01,0.0,0.0,0.03,0.02,29.22,29.39,1.18,1.17,0.59,0.54,370.81,370.58,,,,,,,,
2026-09-26-task7-d2,task7-d2,mongo,arm-tuned,arm,tuned,run-2,44,metrics-api,8.1115,8.352,51.5,53.0,7.8505,8.073,47.0,48.0,True,1000000000,samples,922.865948004,723,True,480.005,m9g.4xlarge,16,6.18.48,0.0,0.0,1.69,0.19,47.35,47.46,0.0,0.0,7.14,7.2,52.43,52.5,0.0,0.0,6.82,6.88,36.77,36.91,0.18,0.16,4.83,4.92,411.21,406.3,7.7,7.69,0.0,0.0,11.19,11.44,,,1.21,1.06,0.0,0.0,0.03,0.03,32.43,32.78,1.16,1.1,0.63,0.63,387.12,391.02,,,,,,,,
2026-09-26-task7-d2,task7-d2,mongo,arm-tuned,arm,tuned,run-3,44,metrics-api,8.117,8.54,52.0,54.0,7.803,8.371,47.0,48.0,True,1000000000,samples,907.742237178,888,True,480.005,m9g.4xlarge,16,6.18.48,0.0,0.0,1.69,0.25,47.36,47.4,0.0,0.0,7.12,7.21,52.43,52.57,0.0,0.0,6.73,6.79,36.87,36.71,0.18,0.16,4.73,4.83,416.19,413.18,7.52,7.42,0.0,0.0,11.37,11.45,,,1.07,0.95,0.0,0.0,0.03,0.02,30.61,30.82,1.2,1.17,0.58,0.56,371.94,371.19,,,,,,,,
2026-09-26-task7-d2,task7-d2,mongo,x86-stock,x86,stock,run-1,44,metrics-api,12.153,14.565,77.0,92.0,12.06,14.065,36.0,44.0,True,1000000000,samples,1386.13397349,863,True,480.016,m8i.4xlarge,16,6.18.48,0.0,0.0,1.16,0.13,22.9,22.11,0.01,0.0,9.22,9.28,76.88,77.86,0.0,0.0,9.81,9.99,56.66,57.86,,,,,,,,,,,24.9,23.73,,,3.28,3.12,,,,,31.02,30.15,0.65,0.61,,,177.27,176.67,,,,,,,,
2026-09-26-task7-d2,task7-d2,mongo,x86-stock,x86,stock,run-2,44,metrics-api,12.236,12.532,78.0,80.0,12.094000000000001,12.298,36.0,38.0,True,1000000000,samples,1390.072117686,821,True,480.021,m8i.4xlarge,16,6.18.48,0.0,0.0,1.17,0.12,22.09,22.04,0.0,0.0,9.36,9.46,77.69,77.93,0.0,0.0,9.96,10.08,57.18,57.98,,,,,,,,,,,25.1,24.07,,,3.5,3.23,,,,,30.2,30.53,0.64,0.58,,,172.11,175.28,,,,,,,,
2026-09-26-task7-d2,task7-d2,mongo,x86-stock,x86,stock,run-3,44,metrics-api,12.1685,12.446,77.0,79.0,12.1105,12.229,36.0,38.0,True,1000000000,samples,1389.58758162,833,True,480.012,m8i.4xlarge,16,6.18.48,0.0,0.0,1.23,0.12,22.07,21.83,0.01,0.0,9.28,9.4,77.71,78.14,0.0,0.0,9.91,10.06,57.26,58.0,,,,,,,,,,,25.33,24.38,,,3.64,3.33,,,,,31.87,32.3,0.65,0.58,,,178.1,180.9,,,,,,,,
2026-09-26-task7-d2,task7-d2,mongo,x86-tuned,x86,tuned,run-1,44,metrics-api,11.745,12.132,74.5,77.0,11.581,11.764,36.0,37.0,True,1000000000,samples,1398.29892153,861,True,480.009,m8i.4xlarge,16,6.18.48,0.0,0.0,1.2,0.13,26.31,25.07,0.0,0.0,9.14,9.35,73.47,74.92,0.0,0.0,9.71,9.9,53.41,54.67,,,,,,,,,,,23.34,22.21,,,3.24,3.12,,,,,30.78,29.54,0.73,0.66,,,194.36,187.24,,,,,,,,
2026-09-26-task7-d2,task7-d2,mongo,x86-tuned,x86,tuned,run-2,44,metrics-api,11.8555,12.208,75.0,78.0,11.683,11.865,36.0,38.0,True,1000000000,samples,1414.391704488,842,True,480.008,m8i.4xlarge,16,6.18.48,0.0,0.0,1.23,0.13,24.66,24.69,0.0,0.0,9.32,9.43,75.12,75.3,0.0,0.0,9.94,10.0,54.63,55.17,,,,,,,,,,,24.23,22.82,,,3.36,3.31,,,,,29.14,30.58,0.71,0.63,,,193.63,188.12,,,,,,,,
2026-09-26-task7-d2,task7-d2,mongo,x86-tuned,x86,tuned,run-3,44,metrics-api,11.848500000000001,12.207,75.0,78.0,11.684,12.047,37.0,39.0,True,1000000000,samples,1405.752529524,832,True,480.007,m8i.4xlarge,16,6.18.48,0.0,0.0,1.21,0.13,24.53,24.19,0.0,0.0,9.12,9.22,75.26,75.78,0.0,0.0,9.82,9.94,55.09,55.67,,,,,,,,,,,23.89,22.86,,,3.46,3.34,,,,,28.82,30.89,0.7,0.63,,,195.19,190.42,,,,,,,,
2026-09-26-task7-d2,task7-d2,mongo-ebs125,arm-stock,arm,stock,run-1,63,metrics-api,5.692,9.177,36.0,58.0,6.687,7.674,35.0,46.0,True,1000000000,samples,1161.257692476,849,True,480.016,m9g.4xlarge,16,6.18.48,0.0,0.0,11.23,10.48,49.44,49.82,0.0,0.0,5.47,5.23,50.34,50.03,0.0,0.0,4.7,4.63,28.92,27.93,0.25,0.25,5.08,5.16,445.82,418.22,8.22,7.69,0.0,0.0,11.36,11.52,,,1.23,1.06,0.0,0.0,0.02,0.02,31.4,32.19,1.13,1.14,0.31,0.28,351.16,372.03,,,,,,,,
2026-09-26-task7-d2,task7-d2,mongo-ebs125,arm-stock,arm,stock,run-2,63,metrics-api,6.009,9.157,38.0,58.0,6.715,8.868,35.0,47.0,True,1000000000,samples,1152.42264123,831,True,480.033,m9g.4xlarge,16,6.18.48,0.0,0.0,10.83,10.19,48.73,49.43,0.0,0.0,5.85,5.66,51.05,50.54,0.0,0.0,4.74,4.62,29.63,28.17,0.26,0.26,5.24,5.32,451.92,419.86,8.26,7.83,0.0,0.0,11.33,11.58,,,1.25,1.09,0.0,0.0,0.02,0.02,31.14,32.04,1.14,1.11,0.32,0.29,347.39,370.97,,,,,,,,
2026-09-26-task7-d2,task7-d2,mongo-ebs125,arm-stock,arm,stock,run-3,63,metrics-api,6.207,9.266,39.0,59.0,6.79,9.498,35.0,47.0,True,1000000000,samples,1164.69068205,829,True,480.011,m9g.4xlarge,16,6.18.48,0.0,0.0,10.66,10.07,48.05,48.38,0.0,0.0,5.9,5.81,51.73,51.52,0.0,0.0,4.8,4.76,30.36,29.41,0.28,0.27,5.14,5.28,443.06,407.34,8.0,7.85,0.0,0.0,11.15,11.34,,,1.29,1.11,0.0,0.0,0.02,0.02,31.35,32.34,1.19,1.13,0.33,0.3,356.76,391.89,,,,,,,,
2026-09-26-task7-d2,task7-d2,net,amd-stock,amd,stock,run-1,19,metrics-api,0.399,0.595,3.0,4.0,0.081,0.32,0.0,0.0,True,1000000000,samples,43.8144315,327,True,120.005,m8a.4xlarge,16,6.18.48,0.0,0.0,0.26,0.0,97.01,96.91,0.0,0.0,0.76,0.43,2.15,3.08,0.0,0.0,1.04,0.37,0.08,0.06,1.71,1.73,3.15,3.47,,,39.4,34.26,,,,,,,7.59,7.68,,,0.85,0.78,68.21,77.88,0.76,0.59,2.12,1.81,432.55,518.54,,,,,,,,
2026-09-26-task7-d2,task7-d2,net,amd-stock,amd,stock,run-2,18,metrics-api,0.462,0.599,3.0,4.0,0.0675,0.34,0.0,0.0,True,1000000000,samples,38.91752445,366,True,120.005,m8a.4xlarge,16,6.18.48,0.0,0.0,0.0,0.0,97.26,97.22,0.0,0.0,0.74,0.31,1.91,0.5,0.0,0.0,1.06,0.25,0.1,0.06,1.82,1.68,3.04,3.6,,,40.0,31.81,,,,,,,7.48,6.78,,,0.87,0.8,65.6,73.63,0.69,0.53,1.24,0.49,462.52,562.3,,,,,,,,
2026-09-26-task7-d2,task7-d2,net,amd-stock,amd,stock,run-3,18,metrics-api,0.4475,0.531,3.0,3.0,0.07,0.302,0.0,0.0,True,1000000000,samples,37.47422553,353,True,120.007,m8a.4xlarge,16,6.18.48,0.0,0.0,0.0,0.0,97.52,97.85,0.0,0.0,0.7,0.24,1.64,1.11,0.0,0.0,0.84,0.25,0.09,0.06,1.97,1.9,3.32,3.9,,,43.02,46.56,,,,,,,7.91,9.76,,,1.03,1.13,67.7,82.78,0.73,0.53,1.06,0.48,455.82,532.81,,,,,,,,
2026-09-26-task7-d2,task7-d2,net,amd-tuned,amd,tuned,run-1,18,metrics-api,0.524,1.12,3.0,7.0,0.06,0.597,0.0,0.0,True,1000000000,samples,62.773193742,382,True,120.007,m8a.4xlarge,16,6.18.48,0.0,0.0,0.17,0.0,95.51,94.02,0.0,0.0,1.0,0.62,3.66,5.84,0.0,0.0,2.37,2.56,0.11,0.06,0.11,0.04,3.09,3.55,,,6.02,3.87,,,,,,,2.74,1.65,,,0.03,0.0,64.07,73.24,1.06,1.1,1.35,0.8,351.37,295.9,,,,,,,,
2026-09-26-task7-d2,task7-d2,net,amd-tuned,amd,tuned,run-2,18,metrics-api,0.5335000000000001,1.336,3.0,8.0,0.0935,0.611,0.0,0.0,True,1000000000,samples,65.855667864,388,True,120.005,m8a.4xlarge,16,6.18.48,0.0,0.0,0.0,0.0,95.33,93.99,0.0,0.0,1.12,0.69,3.83,1.38,0.0,0.0,2.56,0.69,0.14,0.06,0.1,0.03,3.28,3.33,,,7.59,3.89,,,,,,,2.82,1.55,,,0.04,0.0,66.59,76.21,0.99,0.88,1.62,0.89,359.21,281.42,,,,,,,,
2026-09-26-task7-d2,task7-d2,net,amd-tuned,amd,tuned,run-3,18,metrics-api,0.5425,1.243,3.5,8.0,0.0695,0.651,0.0,0.0,True,1000000000,samples,67.824739962,378,True,120.004,m8a.4xlarge,16,6.18.48,0.0,0.0,0.0,0.0,95.25,93.45,0.0,0.0,1.09,0.56,3.92,1.3,0.0,0.0,2.65,0.12,0.16,0.12,0.13,0.05,3.35,3.62,,,7.98,4.31,,,,,,,3.1,1.79,,,0.04,0.0,66.08,75.84,1.06,1.1,1.82,0.95,350.29,281.18,,,,,,,,
2026-09-26-task7-d2,task7-d2,net,arm-stock,arm,stock,run-1,18,metrics-api,0.338,0.625,2.0,4.0,0.093,0.401,0.0,0.0,True,1000000000,samples,45.742266486,397,True,120.006,m9g.4xlarge,16,6.18.48,0.0,0.0,0.13,0.0,96.82,96.58,0.0,0.0,1.04,0.94,2.34,3.35,0.0,0.0,1.06,1.52,0.1,0.06,0.25,0.19,4.2,4.68,349.02,407.23,5.5,3.65,0.0,0.0,9.3,6.92,,,1.86,0.87,0.01,0.0,0.04,0.01,43.35,47.99,1.25,1.41,0.94,0.26,411.57,334.16,,,,,,,,
2026-09-26-task7-d2,task7-d2,net,arm-stock,arm,stock,run-2,18,metrics-api,0.385,0.569,2.0,4.0,0.0935,0.371,0.0,0.0,True,1000000000,samples,44.824740744,457,True,120.004,m9g.4xlarge,16,6.18.48,0.0,0.0,0.0,0.0,97.39,97.82,0.0,0.0,0.92,0.68,1.77,1.12,0.0,0.0,0.76,0.43,0.07,0.06,0.32,0.11,2.74,2.51,394.78,485.29,12.6,3.64,0.0,0.0,8.68,7.4,,,1.73,0.92,0.0,0.0,0.06,0.01,27.61,15.73,1.51,1.88,0.95,0.12,392.99,214.28,,,,,,,,
2026-09-26-task7-d2,task7-d2,net,arm-stock,arm,stock,run-3,18,metrics-api,0.282,0.497,2.0,3.0,0.093,0.328,0.0,0.0,True,1000000000,samples,45.20618403,427,True,120.005,m9g.4xlarge,16,6.18.48,0.0,0.0,0.0,0.0,97.59,97.78,0.0,0.0,0.88,0.74,1.58,1.17,0.0,0.0,0.61,0.18,0.08,0.06,0.38,0.28,3.6,3.66,314.54,390.88,8.23,4.63,0.0,0.0,10.67,7.18,,,2.46,1.45,0.01,0.0,0.07,0.02,39.37,34.52,1.22,1.52,1.14,0.36,471.89,349.72,,,,,,,,
2026-09-26-task7-d2,task7-d2,net,arm-tuned,arm,tuned,run-1,18,metrics-api,0.474,1.138,3.0,7.0,0.075,0.694,0.0,0.0,True,1000000000,samples,78.577316916,439,True,120.006,m9g.4xlarge,16,6.18.48,0.0,0.0,0.14,0.0,95.29,94.02,0.0,0.0,1.47,0.87,3.87,5.96,0.0,0.0,2.14,2.87,0.11,0.06,0.23,0.13,4.08,5.1,391.03,444.69,6.07,3.33,0.0,0.0,9.52,6.17,,,2.29,0.71,0.01,0.0,0.04,0.01,45.48,40.45,1.24,1.54,1.58,0.84,386.08,288.96,,,,,,,,
2026-09-26-task7-d2,task7-d2,net,arm-tuned,arm,tuned,run-2,18,metrics-api,0.485,1.218,3.0,8.0,0.1045,0.704,0.0,0.0,True,1000000000,samples,70.30927596,433,True,120.005,m9g.4xlarge,16,6.18.48,0.0,0.0,0.0,0.0,95.53,94.62,0.0,0.0,1.48,0.68,3.63,1.45,0.0,0.0,2.05,0.88,0.09,0.06,0.3,0.13,3.97,4.59,365.69,441.35,9.06,3.42,0.0,0.0,9.52,5.92,,,2.18,0.86,0.0,0.0,0.06,0.01,41.17,39.42,1.26,1.57,1.44,0.83,438.57,287.29,,,,,,,,
2026-09-26-task7-d2,task7-d2,net,arm-tuned,arm,tuned,run-3,18,metrics-api,0.4995,1.094,3.0,7.0,0.107,0.667,0.0,0.0,True,1000000000,samples,79.061852982,418,True,120.005,m9g.4xlarge,16,6.18.48,0.0,0.0,0.0,0.0,95.8,94.87,0.0,0.0,1.42,0.74,3.37,1.23,0.0,0.0,1.85,0.12,0.09,0.06,0.29,0.19,4.18,4.54,375.7,439.0,6.66,3.59,0.0,0.0,10.23,6.73,,,2.01,0.93,0.01,0.0,0.05,0.01,44.94,45.41,1.14,1.44,1.64,0.98,430.68,302.04,,,,,,,,
2026-09-26-task7-d2,task7-d2,net,x86-stock,x86,stock,run-1,18,metrics-api,0.639,1.44,4.0,9.0,0.1075,0.94,0.0,0.0,True,1000000000,samples,80.226801396,410,True,120.01,m8i.4xlarge,16,6.18.48,0.0,0.0,0.11,0.0,94.24,92.21,0.0,0.0,1.86,1.17,4.93,6.65,0.0,0.0,2.79,3.97,0.15,0.12,,,,,,,,,,,20.98,15.3,,,6.14,5.36,,,,,50.88,29.95,0.55,0.36,,,247.18,250.84,,,,,,,,
2026-09-26-task7-d2,task7-d2,net,x86-stock,x86,stock,run-2,18,metrics-api,0.6345000000000001,1.049,4.0,7.0,0.12,0.662,0.0,0.0,True,1000000000,samples,75.51546135,377,True,120.009,m8i.4xlarge,16,6.18.48,0.0,0.0,0.0,0.0,95.9,95.18,0.0,0.0,1.34,0.69,3.26,1.19,0.0,0.0,1.79,0.31,0.12,0.12,,,,,,,,,,,22.89,24.04,,,6.59,5.56,,,,,60.73,48.18,0.54,0.37,,,252.42,265.92,,,,,,,,
2026-09-26-task7-d2,task7-d2,net,x86-stock,x86,stock,run-3,18,metrics-api,0.538,1.375,3.0,9.0,0.117,0.867,0.0,0.0,True,1000000000,samples,77.567007672,385,True,120.009,m8i.4xlarge,16,6.18.48,0.0,0.0,0.0,0.0,94.8,93.58,0.0,0.0,1.72,1.23,4.36,2.95,0.0,0.0,2.47,1.6,0.17,0.12,,,,,,,,,,,21.86,17.47,,,5.82,3.45,,,,,49.6,27.47,0.53,0.36,,,245.59,252.58,,,,,,,,
2026-09-26-task7-d2,task7-d2,net,x86-tuned,x86,tuned,run-1,18,metrics-api,0.7,1.531,4.0,10.0,0.11699999999999999,0.784,0.0,0.0,True,1000000000,samples,88.134017622,405,True,120.01,m8i.4xlarge,16,6.18.48,0.0,0.0,0.11,0.0,93.92,92.16,0.0,0.0,1.49,1.0,5.25,6.82,0.0,0.0,3.46,4.9,0.17,0.12,,,,,,,,,,,15.28,15.13,,,3.1,2.77,,,,,52.88,61.59,0.78,0.91,,,253.91,301.91,,,,,,,,
2026-09-26-task7-d2,task7-d2,net,x86-tuned,x86,tuned,run-2,18,metrics-api,0.663,1.615,4.0,10.0,0.119,0.827,0.0,0.0,True,1000000000,samples,64.247420496,385,True,120.01,m8i.4xlarge,16,6.18.48,0.0,0.0,0.0,0.0,93.99,91.39,0.0,0.0,1.46,0.37,5.17,1.13,0.0,0.0,3.52,0.81,0.16,0.12,,,,,,,,,,,18.26,18.44,,,3.61,3.28,,,,,74.95,82.52,0.62,0.65,,,278.72,310.3,,,,,,,,
2026-09-26-task7-d2,task7-d2,net,x86-tuned,x86,tuned,run-3,18,metrics-api,0.732,1.708,4.5,11.0,0.114,0.852,0.0,0.0,True,1000000000,samples,88.04123412,420,True,120.009,m8i.4xlarge,16,6.18.48,0.0,0.0,0.0,0.0,93.77,90.62,0.0,0.0,1.5,0.43,5.4,1.12,0.0,0.0,3.68,0.68,0.19,0.12,,,,,,,,,,,18.33,19.48,,,3.4,3.1,,,,,74.6,84.82,0.65,0.7,,,291.61,324.76,,,,,,,,
2026-09-26-task7-d2,task7-d2,postgres,amd-stock,amd,stock,run-1,42,metrics-api,13.531500000000001,15.041,86.0,95.0,13.413499999999999,14.986,12.0,12.0,True,1000000000,samples,2679.700939818,579,True,480.007,m8a.4xlarge,16,6.18.48,0.0,0.0,0.01,0.0,16.22,13.96,0.0,0.0,18.9,19.4,83.56,86.03,0.0,0.0,16.13,16.57,48.5,49.83,0.4,0.31,3.32,3.47,,,10.22,7.56,,,,,,,3.31,2.54,,,0.12,0.08,30.59,27.05,1.02,0.98,1.74,1.31,301.41,280.42,,,,,,,,
2026-09-26-task7-d2,task7-d2,postgres,amd-stock,amd,stock,run-2,42,metrics-api,13.437,13.619,85.0,86.0,13.275500000000001,13.615,12.0,12.0,True,1000000000,samples,2632.793724918,575,True,480.008,m8a.4xlarge,16,6.18.48,0.0,0.0,0.0,0.0,15.78,14.72,0.0,0.0,18.81,19.03,84.0,85.26,0.0,0.0,16.02,16.25,49.14,49.87,0.33,0.29,3.37,3.58,,,9.18,7.41,,,,,,,2.91,2.48,,,0.11,0.08,28.15,26.42,1.06,0.99,1.65,1.26,287.25,284.8,,,,,,,,
2026-09-26-task7-d2,task7-d2,postgres,amd-stock,amd,stock,run-3,42,metrics-api,13.648,13.82,87.0,88.0,13.5235,13.799,12.0,12.0,True,1000000000,samples,2702.226712248,587,True,480.009,m8a.4xlarge,16,6.18.48,0.0,0.0,0.0,0.0,14.52,13.46,0.0,0.0,19.25,19.46,85.26,86.53,0.0,0.0,16.39,16.63,49.6,50.37,0.41,0.32,3.39,3.47,,,10.56,7.69,,,,,,,3.15,2.51,,,0.13,0.08,31.21,26.91,1.02,0.99,1.75,1.38,304.86,285.02,,,,,,,,
2026-09-26-task7-d2,task7-d2,postgres,amd-tuned,amd,tuned,run-1,42,metrics-api,12.1555,15.031,77.0,95.0,12.0225,14.988,14.0,16.0,True,1000000000,samples,2136.164875824,603,True,480.007,m8a.4xlarge,16,6.18.48,0.0,0.0,0.03,0.0,23.14,21.76,0.0,0.0,11.32,11.47,76.64,78.23,0.0,0.0,18.41,18.85,46.87,47.95,0.11,0.1,1.29,1.21,,,6.83,6.03,,,,,,,2.71,2.44,,,0.04,0.03,28.78,26.53,1.15,1.07,1.16,0.89,294.67,280.5,,,,,,,,
2026-09-26-task7-d2,task7-d2,postgres,amd-tuned,amd,tuned,run-2,42,metrics-api,11.8435,12.333,75.0,78.0,11.722,12.115,14.0,14.0,True,1000000000,samples,2018.700962292,602,True,480.008,m8a.4xlarge,16,6.18.48,0.0,0.0,0.0,0.0,24.69,23.93,0.0,0.0,10.63,10.73,75.09,76.06,0.0,0.0,17.92,18.23,46.52,47.27,0.1,0.09,1.36,1.25,,,7.38,6.43,,,,,,,2.86,2.58,,,0.04,0.03,28.45,26.97,1.13,1.07,1.21,0.96,303.67,295.82,,,,,,,,
2026-09-26-task7-d2,task7-d2,postgres,amd-tuned,amd,tuned,run-3,42,metrics-api,12.0055,12.455,76.0,79.0,11.857,12.4,14.0,14.0,True,1000000000,samples,2057.773125912,621,True,480.009,m8a.4xlarge,16,6.18.48,0.0,0.0,0.0,0.0,23.77,22.99,0.0,0.0,10.83,10.93,76.02,76.99,0.0,0.0,18.09,18.29,47.07,47.73,0.11,0.1,1.39,1.3,,,7.23,6.16,,,,,,,2.73,2.42,,,0.04,0.03,28.03,25.77,1.13,1.05,1.51,1.27,302.26,293.87,,,,,,,,
2026-09-26-task7-d2,task7-d2,postgres,arm-stock,arm,stock,run-1,42,metrics-api,12.221499999999999,12.511,77.5,79.0,12.037,14.993,7.0,7.0,True,1000000000,samples,2009.89683888,558,True,480.007,m9g.4xlarge,16,6.18.48,0.0,0.0,0.02,0.0,23.74,21.89,0.0,0.0,17.21,17.62,76.04,78.09,0.0,0.0,14.36,15.36,44.43,45.33,0.17,0.16,4.8,5.02,369.55,376.24,7.18,7.08,0.0,0.0,11.0,11.37,,,1.28,1.06,0.0,0.0,0.02,0.02,30.51,31.9,1.14,1.06,0.67,0.62,423.64,422.21,,,,,,,,
2026-09-26-task7-d2,task7-d2,postgres,arm-stock,arm,stock,run-2,42,metrics-api,12.239,12.577,78.0,80.0,11.9765,12.048,7.0,7.0,True,1000000000,samples,2014.154570694,577,True,480.01,m9g.4xlarge,16,6.18.48,0.0,0.0,0.0,0.0,22.93,22.06,0.0,0.0,17.42,17.67,76.86,77.92,0.0,0.0,15.44,15.68,43.99,44.54,0.17,0.16,5.28,5.49,367.36,353.29,7.37,7.48,0.0,0.0,10.99,11.52,,,1.3,1.08,0.0,0.0,0.02,0.02,33.67,34.98,1.1,1.03,0.75,0.74,436.26,435.4,,,,,,,,
2026-09-26-task7-d2,task7-d2,postgres,arm-stock,arm,stock,run-3,42,metrics-api,12.2375,12.571,78.0,80.0,11.964,12.046,7.0,7.0,True,1000000000,samples,2006.206117356,568,True,480.022,m9g.4xlarge,16,6.18.48,0.0,0.0,0.0,0.0,22.97,22.1,0.0,0.0,17.29,17.55,76.81,77.89,0.0,0.0,16.26,16.54,43.24,43.85,0.18,0.17,5.28,5.51,360.58,353.13,7.29,7.26,0.0,0.0,10.9,11.38,,,1.33,1.1,0.0,0.0,0.03,0.02,33.44,35.94,1.11,1.01,0.74,0.73,438.5,441.9,,,,,,,,
2026-09-26-task7-d2,task7-d2,postgres,arm-tuned,arm,tuned,run-1,42,metrics-api,12.9355,15.197,82.0,96.0,12.745000000000001,13.116,9.0,9.0,True,1000000000,samples,1958.896840614,530,True,480.006,m9g.4xlarge,16,6.18.48,0.0,0.0,0.04,0.0,19.66,17.67,0.0,0.0,13.96,14.36,80.13,82.31,0.0,0.0,13.41,13.83,52.7,54.22,0.16,0.15,4.26,4.42,369.51,366.27,7.37,7.26,0.0,0.0,11.21,11.69,,,1.19,1.02,0.0,0.0,0.01,0.01,27.41,29.02,1.18,1.14,0.24,0.2,425.0,430.46,,,,,,,,
2026-09-26-task7-d2,task7-d2,postgres,arm-tuned,arm,tuned,run-2,42,metrics-api,13.006,13.21,83.0,84.0,12.85,12.99,9.0,9.0,True,1000000000,samples,1982.391685176,524,True,480.008,m9g.4xlarge,16,6.18.48,0.0,0.0,0.0,0.0,17.92,16.9,0.0,0.0,14.37,14.56,81.86,83.07,0.0,0.0,13.67,13.83,53.81,54.64,0.15,0.14,4.29,4.42,361.76,350.32,7.46,7.35,0.0,0.0,11.21,11.77,,,1.17,0.98,0.0,0.0,0.01,0.01,27.76,28.85,1.18,1.14,0.21,0.18,436.42,459.49,,,,,,,,
2026-09-26-task7-d2,task7-d2,postgres,arm-tuned,arm,tuned,run-3,42,metrics-api,12.9985,13.384,82.5,85.0,12.805,13.157,9.0,9.0,True,1000000000,samples,1996.731890874,531,True,480.007,m9g.4xlarge,16,6.18.48,0.0,0.0,0.0,0.0,18.0,17.1,0.0,0.0,14.31,14.46,81.78,82.88,0.0,0.0,13.69,13.84,53.76,54.55,0.16,0.14,4.32,4.57,379.97,373.31,7.24,7.3,0.0,0.0,11.44,11.86,,,1.17,1.02,0.0,0.0,0.01,0.01,27.81,29.21,1.17,1.11,0.22,0.2,420.43,423.67,,,,,,,,
2026-09-26-task7-d2,task7-d2,postgres,x86-stock,x86,stock,run-1,42,metrics-api,12.8275,15.075,81.0,96.0,12.734,14.986,7.0,8.0,True,1000000000,samples,2134.834978962,560,True,480.008,m8i.4xlarge,16,6.18.48,0.0,0.0,0.04,0.0,19.32,17.48,0.01,0.0,15.19,15.55,80.46,82.51,0.0,0.0,14.07,14.45,51.14,52.51,,,,,,,,,,,25.42,25.1,,,3.33,3.31,,,,,31.58,31.18,0.74,0.65,,,194.65,193.61,,,,,,,,
2026-09-26-task7-d2,task7-d2,postgres,x86-stock,x86,stock,run-2,42,metrics-api,12.7805,13.068,81.0,83.0,12.718,12.945,7.0,8.0,True,1000000000,samples,2138.793741714,575,True,480.009,m8i.4xlarge,16,6.18.48,0.0,0.0,0.0,0.0,18.25,17.5,0.01,0.0,15.43,15.61,81.53,82.48,0.0,0.0,14.21,14.39,51.86,52.59,,,,,,,,,,,26.33,25.65,,,3.17,3.19,,,,,32.16,31.47,0.75,0.67,,,194.3,193.16,,,,,,,,
2026-09-26-task7-d2,task7-d2,postgres,x86-stock,x86,stock,run-3,42,metrics-api,12.7955,13.11,81.0,83.0,12.7145,12.982,7.0,8.0,True,1000000000,samples,2142.06178284,563,True,480.012,m8i.4xlarge,16,6.18.48,0.0,0.0,0.0,0.0,18.5,17.67,0.02,0.0,15.43,15.62,81.28,82.31,0.0,0.0,14.03,14.21,51.78,52.54,,,,,,,,,,,26.29,24.56,,,3.29,3.37,,,,,31.37,30.48,0.73,0.64,,,196.13,194.31,,,,,,,,
2026-09-26-task7-d2,task7-d2,postgres,x86-tuned,x86,tuned,run-1,42,metrics-api,12.758500000000002,13.315,81.0,85.0,12.606,12.747,9.0,9.0,True,1000000000,samples,1738.76282748,631,True,480.01,m8i.4xlarge,16,6.18.48,0.0,0.0,0.04,0.0,19.38,17.91,0.0,0.0,10.64,10.81,80.41,82.07,0.0,0.0,15.11,15.38,54.59,55.72,,,,,,,,,,,24.18,23.32,,,3.22,3.27,,,,,29.46,29.86,0.86,0.77,,,202.38,207.27,,,,,,,,
2026-09-26-task7-d2,task7-d2,postgres,x86-tuned,x86,tuned,run-2,42,metrics-api,12.752,12.874,81.0,82.0,12.634,12.713,9.0,9.0,True,1000000000,samples,1758.690661854,598,True,480.01,m8i.4xlarge,16,6.18.48,0.0,0.0,0.0,0.0,18.81,17.87,0.0,0.0,10.67,10.76,80.97,82.11,0.0,0.0,15.24,15.39,55.03,55.93,,,,,,,,,,,24.61,23.95,,,3.22,3.3,,,,,30.55,30.21,0.83,0.77,,,201.32,204.89,,,,,,,,
2026-09-26-task7-d2,task7-d2,postgres,x86-tuned,x86,tuned,run-3,42,metrics-api,12.757000000000001,13.067,81.0,83.0,12.6075,12.992,9.0,9.0,True,1000000000,samples,1739.6906625,610,True,480.011,m8i.4xlarge,16,6.18.48,0.0,0.0,0.0,0.0,18.82,17.95,0.0,0.0,10.74,10.85,80.97,82.03,0.0,0.0,15.28,15.48,54.92,55.69,,,,,,,,,,,24.4,23.62,,,3.16,3.19,,,,,28.73,30.77,0.85,0.77,,,194.23,193.22,,,,,,,,
2026-09-26-task7-d2,task7-d2,postgres-2x,arm-stock,arm,stock,run-1,42,"kubectl-top,metrics-api",14.1905,15.403,90.0,98.0,14.084,14.993,8.0,8.0,True,1000000000,samples,2385.51538281,613,True,480.005,m9g.4xlarge,16,6.18.48,0.0,0.0,0.03,0.0,12.44,11.08,0.0,0.0,19.28,19.77,87.34,88.9,0.0,0.0,12.48,12.81,55.55,56.58,0.3,0.29,4.48,4.65,370.4,367.12,7.98,7.86,0.0,0.0,11.42,11.78,,,1.23,1.06,0.0,0.0,0.02,0.02,26.31,26.56,1.21,1.16,0.3,0.26,422.63,434.19,,,,,,,,
2026-09-26-task7-d2,task7-d2,postgres-2x,arm-stock,arm,stock,run-2,42,metrics-api,14.2685,15.165,90.5,96.0,14.116499999999998,14.884,8.0,8.0,True,1000000000,samples,2401.95868122,600,True,480.008,m9g.4xlarge,16,6.18.48,0.0,0.0,0.0,0.0,10.65,10.61,0.0,0.0,19.7,19.87,89.13,89.37,0.0,0.0,12.64,12.79,56.78,57.01,0.3,0.29,4.59,4.79,379.55,372.82,7.77,7.88,0.0,0.0,11.61,11.84,,,1.2,1.05,0.0,0.0,0.02,0.02,26.26,26.87,1.21,1.15,0.29,0.27,415.05,426.89,,,,,,,,
2026-09-26-task7-d2,task7-d2,postgres-2x,arm-stock,arm,stock,run-3,42,metrics-api,14.3775,15.178,91.0,96.0,14.431000000000001,14.99,8.0,8.0,True,1000000000,samples,2440.556618052,604,True,480.007,m9g.4xlarge,16,6.18.48,0.0,0.0,0.0,0.0,9.37,8.2,0.0,0.0,19.82,20.07,90.41,91.75,0.0,0.0,12.88,13.01,57.7,58.52,0.29,0.28,4.62,4.79,383.5,370.93,8.05,8.05,0.0,0.0,11.84,12.07,,,1.25,1.12,0.0,0.0,0.02,0.02,25.99,26.61,1.2,1.14,0.3,0.26,411.12,436.0,,,,,,,,
2026-09-26-task7-d2,task7-d2,postgres-2x,arm-tuned,arm,tuned,run-1,42,metrics-api,13.035,13.533,83.0,86.0,13.0515,14.702,9.0,10.0,True,1000000000,samples,2081.453537478,548,True,480.006,m9g.4xlarge,16,6.18.48,0.0,0.0,0.03,0.0,19.17,16.62,0.0,0.0,14.28,14.74,80.61,83.36,0.0,0.0,13.53,13.98,52.76,54.62,0.29,0.3,2.29,2.22,352.78,397.41,9.3,8.34,0.0,0.0,10.44,9.8,,,3.65,3.53,0.01,0.0,0.05,0.04,19.32,17.95,1.14,1.04,0.65,0.56,398.58,303.62,,,,,,,,
2026-09-26-task7-d2,task7-d2,postgres-2x,arm-tuned,arm,tuned,run-2,42,metrics-api,13.045,13.166,83.0,84.0,13.062,13.316,9.0,9.0,True,1000000000,samples,2086.742197092,544,True,480.007,m9g.4xlarge,16,6.18.48,0.0,0.0,0.0,0.0,17.5,16.55,0.0,0.0,14.5,14.67,82.28,83.43,0.0,0.0,13.8,13.95,53.96,54.78,0.3,0.31,2.36,2.53,314.9,301.4,9.92,9.82,0.0,0.0,9.73,9.16,,,3.2,3.17,0.0,0.0,0.06,0.05,18.0,16.18,1.31,1.34,0.51,0.46,457.82,435.93,,,,,,,,
2026-09-26-task7-d2,task7-d2,postgres-2x,arm-tuned,arm,tuned,run-3,42,metrics-api,13.008,13.363,83.0,85.0,13.07,13.197,9.0,9.0,True,1000000000,samples,2080.628795238,535,True,480.008,m9g.4xlarge,16,6.18.48,0.0,0.0,0.0,0.0,17.5,16.56,0.0,0.0,14.57,14.74,82.28,83.43,0.0,0.0,13.88,14.06,53.81,54.6,0.3,0.3,2.39,2.43,308.06,301.33,9.43,9.09,0.0,0.0,10.23,9.31,,,3.44,3.46,0.0,0.0,0.06,0.05,19.42,17.18,1.17,1.2,0.57,0.52,471.16,471.28,,,,,,,,
2026-09-27-task7-d3,task7-d3,go,amd-stock,amd,stock,run-1,44,metrics-api,11.561499999999999,14.92,73.0,95.0,11.707,14.92,6.0,12.0,True,1000000000,samples,5538.102904488,1116,True,480.006,m8a.4xlarge,16,6.18.48,0.0,0.0,0.03,0.0,28.26,26.33,0.0,0.0,1.54,1.54,71.52,73.65,0.0,0.0,1.66,1.68,68.28,70.36,0.49,0.38,3.63,3.75,,,11.71,8.2,,,,,,,3.53,2.81,,,0.18,0.12,38.0,35.41,1.11,1.07,1.42,1.35,335.93,347.33,,,,,,,,
2026-09-27-task7-d3,task7-d3,go,amd-stock,amd,stock,run-2,44,metrics-api,11.546,11.73,73.0,74.0,11.692,14.501,6.0,8.0,True,1000000000,samples,5535.226615926,1128,True,480.007,m8a.4xlarge,16,6.18.48,0.0,0.0,0.0,0.0,27.27,26.47,0.0,0.0,1.61,1.62,72.51,73.52,0.0,0.0,1.7,1.69,69.18,70.19,0.44,0.39,3.66,3.82,,,10.1,8.07,,,,,,,3.47,2.94,,,0.15,0.11,37.19,35.82,1.07,1.07,1.67,1.51,327.55,349.14,,,,,,,,
2026-09-27-task7-d3,task7-d3,go,amd-stock,amd,stock,run-3,44,metrics-api,11.515,14.953,73.0,95.0,11.662,14.921,6.0,11.0,True,1000000000,samples,5522.83486377,1161,True,480.008,m8a.4xlarge,16,6.18.48,0.0,0.0,0.0,0.0,27.43,26.63,0.0,0.0,1.58,1.54,72.35,73.36,0.0,0.0,1.72,1.71,69.04,69.98,0.42,0.37,3.53,3.8,,,10.68,8.21,,,,,,,3.39,2.8,,,0.14,0.11,36.45,34.52,1.08,1.12,1.37,1.32,308.27,330.37,,,,,,,,
2026-09-27-task7-d3,task7-d3,go,arm-stock,arm,stock,run-1,44,metrics-api,11.7365,12.061,74.5,77.0,11.7315,11.747,6.0,9.0,True,1000000000,samples,5551.783316394,1133,True,480.006,m9g.4xlarge,16,6.18.48,0.0,0.0,0.04,0.0,27.35,25.93,0.0,0.0,1.33,1.33,72.43,74.06,0.0,0.0,1.59,1.6,69.47,71.06,0.35,0.35,4.78,4.92,398.82,399.76,5.96,5.47,0.0,0.0,7.36,7.34,,,1.33,1.12,0.0,0.0,0.04,0.04,36.39,36.16,1.31,1.18,0.64,0.65,364.22,381.22,,,,,,,,
2026-09-27-task7-d3,task7-d3,go,arm-stock,arm,stock,run-2,44,metrics-api,11.811,11.951,75.0,76.0,11.8265,11.843,7.0,9.0,True,1000000000,samples,5593.937954136,1170,True,480.005,m9g.4xlarge,16,6.18.48,0.0,0.0,0.0,0.0,26.16,25.31,0.0,0.0,1.33,1.32,73.62,74.68,0.0,0.0,1.63,1.63,70.64,71.68,0.33,0.34,5.08,5.28,429.86,423.95,5.84,5.42,0.0,0.0,7.23,7.15,,,1.25,1.07,0.0,0.0,0.04,0.03,39.11,45.06,1.34,1.23,0.61,0.59,325.29,339.95,,,,,,,,
2026-09-27-task7-d3,task7-d3,go,arm-stock,arm,stock,run-3,44,metrics-api,11.785,14.859,75.0,94.0,11.83,14.768,7.0,12.0,True,1000000000,samples,5603.834861016,1143,True,480.012,m9g.4xlarge,16,6.18.48,0.0,0.0,0.0,0.0,26.18,25.36,0.0,0.0,1.28,1.27,73.6,74.63,0.0,0.0,1.64,1.65,70.67,71.66,0.34,0.33,4.88,5.0,405.51,405.94,5.55,5.13,0.0,0.0,7.39,7.35,,,1.27,1.03,0.0,0.0,0.04,0.04,35.42,32.91,1.35,1.2,0.59,0.61,359.29,371.24,,,,,,,,
2026-09-27-task7-d3,task7-d3,go,x86-stock,x86,stock,run-1,44,metrics-api,11.35,11.518,72.0,73.0,11.436,11.45,4.0,6.0,True,1000000000,samples,5397.855486576,1156,True,480.008,m8i.4xlarge,16,6.18.48,0.0,0.0,0.04,0.0,29.01,27.83,0.01,0.0,1.31,1.31,70.77,72.15,0.0,0.0,1.76,1.77,67.64,69.04,,,,,,,,,,,25.24,23.86,,,3.77,3.38,,,,,24.35,25.61,0.79,0.71,,,145.16,147.92,,,,,,,,
2026-09-27-task7-d3,task7-d3,go,x86-stock,x86,stock,run-2,44,metrics-api,11.326,13.895,72.0,88.0,11.3295,14.937,4.0,8.0,True,1000000000,samples,5352.618374712,1169,True,480.011,m8i.4xlarge,16,6.18.48,0.0,0.0,0.0,0.0,29.08,28.37,0.01,0.0,1.42,1.38,70.7,71.62,0.0,0.0,1.6,1.6,67.65,68.64,,,,,,,,,,,25.43,24.88,,,3.82,3.27,,,,,24.38,25.1,0.78,0.69,,,141.57,144.06,,,,,,,,
2026-09-27-task7-d3,task7-d3,go,x86-stock,x86,stock,run-3,44,metrics-api,11.255500000000001,14.033,71.0,89.0,11.2485,14.945,4.0,8.0,True,1000000000,samples,5306.896726782,1172,True,480.011,m8i.4xlarge,16,6.18.48,0.0,0.0,0.0,0.0,29.62,28.84,0.01,0.0,1.35,1.33,70.16,71.15,0.0,0.0,1.62,1.63,67.16,68.14,,,,,,,,,,,25.16,22.91,,,3.16,3.18,,,,,24.72,24.8,0.75,0.73,,,139.19,145.18,,,,,,,,
2026-09-27-task7-d3,task7-d3,inference,amd-stock,amd,stock,run-1,33,metrics-api,11.436,11.616,73.0,74.0,11.505,11.599,0.0,0.0,True,1000000000,samples,128.680407996,122,True,360.004,m8a.4xlarge,16,6.18.48,0.0,0.0,0.05,0.0,28.31,26.75,0.0,0.0,2.79,2.72,71.4,73.24,0.0,0.0,0.0,0.0,68.55,70.39,0.54,0.45,3.6,3.55,,,14.8,12.05,,,,,,,4.11,3.6,,,0.18,0.15,42.54,39.41,0.77,0.72,1.63,1.55,356.19,396.35,,,,,,,,
2026-09-27-task7-d3,task7-d3,inference,amd-stock,amd,stock,run-2,33,metrics-api,11.311,11.725,72.0,74.0,11.452,11.544,0.0,0.0,True,1000000000,samples,127.927830702,121,True,360.004,m8a.4xlarge,16,6.18.48,0.0,0.0,0.0,0.0,27.87,26.92,0.0,0.0,2.87,2.82,71.85,73.05,0.0,0.0,0.0,0.0,68.96,70.1,0.5,0.44,3.67,3.68,,,14.63,12.2,,,,,,,3.95,3.36,,,0.2,0.15,40.46,37.44,0.78,0.7,2.07,1.67,357.18,392.68,,,,,,,,
2026-09-27-task7-d3,task7-d3,inference,amd-stock,amd,stock,run-3,33,metrics-api,11.382,11.764,72.0,75.0,11.483,11.644,0.0,0.0,True,1000000000,samples,128.577315216,98,True,360.007,m8a.4xlarge,16,6.18.48,0.0,0.0,0.0,0.0,27.86,26.91,0.0,0.0,2.82,2.78,71.85,73.08,0.0,0.0,0.0,0.0,69.02,70.29,0.51,0.44,3.76,3.83,,,14.44,11.69,,,,,,,4.08,3.56,,,0.19,0.15,40.19,38.68,0.74,0.67,1.43,1.19,355.6,398.05,,,,,,,,
2026-09-27-task7-d3,task7-d3,inference,amd-tuned,amd,tuned,run-1,33,metrics-api,15.04,15.154,95.0,96.0,14.999,15.006,0.0,0.0,True,1000000000,samples,1.010309244,131,True,360.004,m8a.4xlarge,16,6.18.48,0.0,0.0,0.05,0.0,7.75,5.94,0.0,0.0,0.09,0.06,91.96,94.05,0.0,0.0,0.0,0.0,91.8,93.98,0.11,0.1,1.21,1.17,,,7.84,7.64,,,,,,,2.74,2.55,,,0.05,0.04,33.37,33.8,0.98,0.85,1.4,1.24,355.14,374.61,,,,,,,,
2026-09-27-task7-d3,task7-d3,inference,amd-tuned,amd,tuned,run-2,33,metrics-api,15.046,15.069,96.0,96.0,14.997,15.006,0.0,0.0,True,1000000000,samples,0.587628846,122,True,360.006,m8a.4xlarge,16,6.18.48,0.0,0.0,0.0,0.0,6.84,5.93,0.0,0.0,0.14,0.12,92.87,94.06,0.0,0.0,0.0,0.0,92.72,93.92,0.12,0.1,1.17,1.1,,,7.89,7.8,,,,,,,2.75,2.53,,,0.06,0.05,31.81,33.08,0.94,0.82,1.57,1.37,346.76,368.88,,,,,,,,
2026-09-27-task7-d3,task7-d3,inference,amd-tuned,amd,tuned,run-3,33,metrics-api,15.041,15.071,95.0,96.0,14.998,15.01,0.0,0.0,True,1000000000,samples,0.948453576,124,True,360.005,m8a.4xlarge,16,6.18.48,0.0,0.0,0.0,0.0,7.05,5.94,0.0,0.0,0.09,0.06,92.67,94.05,0.0,0.0,0.0,0.0,92.56,93.98,0.12,0.1,1.29,1.17,,,8.12,7.4,,,,,,,2.98,2.78,,,0.05,0.04,32.97,33.17,0.94,0.84,1.94,1.82,364.45,388.02,,,,,,,,
2026-09-27-task7-d3,task7-d3,inference,arm-stock,arm,stock,run-1,33,metrics-api,10.815,11.104,69.0,71.0,10.881,10.897,0.0,0.0,True,1000000000,samples,122.154635022,139,True,360.004,m9g.4xlarge,16,6.18.48,0.0,0.0,0.06,0.0,32.36,30.82,0.0,0.0,2.92,2.94,67.35,69.17,0.0,0.0,0.0,0.0,64.36,66.06,0.52,0.51,4.02,4.71,258.69,261.81,11.06,9.98,0.01,0.01,10.6,7.92,,,3.24,3.08,0.0,0.0,0.12,0.1,26.15,17.85,0.98,1.04,0.78,0.58,556.79,539.57,,,,,,,,
2026-09-27-task7-d3,task7-d3,inference,arm-stock,arm,stock,run-2,33,metrics-api,10.728,11.19,68.0,71.0,10.883,10.892,0.0,0.0,True,1000000000,samples,121.226800002,174,True,360.004,m9g.4xlarge,16,6.18.48,0.0,0.0,0.0,0.0,31.95,30.73,0.0,0.0,2.99,2.92,67.77,69.26,0.0,0.0,0.0,0.0,64.76,66.21,0.52,0.5,4.18,4.74,289.98,310.67,10.56,9.74,0.01,0.01,11.78,9.8,,,3.49,3.43,0.0,0.0,0.12,0.1,29.26,23.4,0.89,0.76,0.89,0.75,532.89,492.29,,,,,,,,
2026-09-27-task7-d3,task7-d3,inference,arm-stock,arm,stock,run-3,33,metrics-api,10.849,11.123,69.0,71.0,10.88,10.911,0.0,0.0,True,1000000000,samples,120.608243322,212,True,360.004,m9g.4xlarge,16,6.18.48,0.0,0.0,0.0,0.0,31.87,30.83,0.0,0.0,3.01,2.98,67.85,69.15,0.0,0.0,0.0,0.0,64.83,66.09,0.5,0.45,4.29,4.84,297.03,295.27,11.03,9.94,0.01,0.0,11.46,11.93,,,3.69,3.46,0.04,0.0,0.1,0.08,29.25,22.21,0.83,0.66,0.99,0.74,526.67,523.39,,,,,,,,
2026-09-27-task7-d3,task7-d3,inference,arm-tuned,arm,tuned,run-1,33,metrics-api,14.764,14.849,94.0,94.0,14.716,14.736,0.0,0.0,True,1000000000,samples,2.175257658,120,True,360.005,m9g.4xlarge,16,6.18.48,0.0,0.0,0.05,0.0,10.07,7.65,0.0,0.0,0.13,0.12,89.64,92.34,0.0,0.0,0.0,0.0,89.45,92.21,0.35,0.35,2.17,1.86,335.73,335.05,11.02,9.73,0.01,0.01,8.49,8.1,,,3.33,3.16,0.0,0.0,0.08,0.06,27.57,20.27,1.09,1.1,1.2,0.83,441.38,453.78,,,,,,,,
2026-09-27-task7-d3,task7-d3,inference,arm-tuned,arm,tuned,run-2,33,metrics-api,14.74,14.839,94.0,94.0,14.718,14.728,0.0,0.0,True,1000000000,samples,2.030927766,94,True,360.005,m9g.4xlarge,16,6.18.48,0.0,0.0,0.0,0.0,9.04,7.67,0.0,0.0,0.14,0.12,90.67,92.31,0.0,0.0,0.0,0.0,90.52,92.16,0.32,0.32,2.29,2.47,378.73,342.12,10.95,10.31,0.01,0.01,9.03,8.22,,,3.61,3.48,0.01,0.0,0.07,0.06,30.54,23.65,1.06,1.09,1.39,1.04,432.17,458.88,,,,,,,,
2026-09-27-task7-d3,task7-d3,inference,arm-tuned,arm,tuned,run-3,33,metrics-api,14.754,14.837,94.0,94.0,14.713,14.737,0.0,0.0,True,1000000000,samples,1.896907152,84,True,360.005,m9g.4xlarge,16,6.18.48,0.0,0.0,0.0,0.0,9.64,7.69,0.0,0.0,0.18,0.18,90.08,92.3,0.0,0.0,0.0,0.0,89.89,92.14,0.31,0.25,2.46,2.64,384.98,370.78,9.9,9.36,0.01,0.01,9.31,8.59,,,3.81,3.76,0.01,0.0,0.06,0.04,34.94,35.0,0.96,0.78,1.59,1.64,393.95,347.9,,,,,,,,
2026-09-27-task7-d3,task7-d3,inference,x86-stock,x86,stock,run-1,33,metrics-api,7.995,8.06,51.0,51.0,7.93,8.009,0.0,0.0,True,1000000000,samples,1.90721643,83,True,360.01,m8i.4xlarge,16,6.18.48,0.0,0.0,0.05,0.0,50.56,49.74,0.0,0.0,0.15,0.12,49.15,50.25,0.0,0.0,0.0,0.0,48.93,50.09,,,,,,,,,,,33.3,28.84,,,3.4,2.8,,,,,29.65,21.79,0.57,0.48,,,239.28,256.94,,,,,,,,
2026-09-27-task7-d3,task7-d3,inference,x86-stock,x86,stock,run-2,33,metrics-api,8.048,8.065,51.0,51.0,8.001,8.005,0.0,0.0,True,1000000000,samples,1.948453542,57,True,360.009,m8i.4xlarge,16,6.18.48,0.0,0.0,0.0,0.0,49.67,49.68,0.0,0.0,0.15,0.12,50.04,50.31,0.0,0.0,0.0,0.0,49.88,50.18,,,,,,,,,,,37.84,35.43,,,2.77,2.4,,,,,22.69,20.71,0.57,0.47,,,217.19,226.31,,,,,,,,
2026-09-27-task7-d3,task7-d3,inference,x86-stock,x86,stock,run-3,33,metrics-api,7.966,8.072,51.0,51.0,7.918,8.004,0.0,0.0,True,1000000000,samples,3.216494736,79,True,360.009,m8i.4xlarge,16,6.18.48,0.0,0.0,0.0,0.0,50.07,50.03,0.0,0.0,0.16,0.12,49.65,49.96,0.0,0.0,0.0,0.0,49.47,49.81,,,,,,,,,,,31.59,28.47,,,3.31,2.93,,,,,25.36,22.81,0.58,0.49,,,235.41,250.93,,,,,,,,
2026-09-27-task7-d3,task7-d3,inference,x86-tuned,x86,tuned,run-1,33,metrics-api,15.05,15.198,96.0,96.0,14.991,15.006,0.0,0.0,True,1000000000,samples,7.649484276,125,True,360.009,m8i.4xlarge,16,6.18.48,0.0,0.0,0.04,0.0,9.29,5.87,0.03,0.0,0.18,0.12,90.43,94.12,0.0,0.0,0.0,0.0,90.17,93.98,,,,,,,,,,,27.74,26.51,,,2.72,2.66,,,,,21.81,20.87,0.71,0.59,,,251.25,247.33,,,,,,,,
2026-09-27-task7-d3,task7-d3,inference,x86-tuned,x86,tuned,run-2,33,metrics-api,15.056,15.134,96.0,96.0,14.996,15.005,0.0,0.0,True,1000000000,samples,5.731958568,89,True,360.01,m8i.4xlarge,16,6.18.48,0.0,0.0,0.0,0.0,6.54,5.82,0.01,0.0,0.21,0.18,93.18,94.17,0.0,0.0,0.0,0.0,92.94,93.98,,,,,,,,,,,29.36,26.99,,,2.64,2.63,,,,,23.13,21.95,0.71,0.57,,,243.98,246.97,,,,,,,,
2026-09-27-task7-d3,task7-d3,inference,x86-tuned,x86,tuned,run-3,33,metrics-api,15.051,15.062,96.0,96.0,14.997,15.003,0.0,0.0,True,1000000000,samples,7.505154384,137,True,360.009,m8i.4xlarge,16,6.18.48,0.0,0.0,0.0,0.0,6.1,5.82,0.02,0.0,0.17,0.12,93.61,94.17,0.0,0.0,0.0,0.0,93.41,93.99,,,,,,,,,,,29.17,26.86,,,2.82,2.75,,,,,20.58,20.24,0.71,0.61,,,241.63,239.11,,,,,,,,
2026-09-27-task7-d3,task7-d3,java,amd-stock,amd,stock,run-1,39,metrics-api,9.937,11.557,63.0,73.0,9.904,11.716,15.0,22.0,True,1000000000,samples,4524.38128947,1776,True,480.005,m8a.4xlarge,16,6.18.48,0.0,0.0,0.03,0.0,37.96,36.45,0.0,0.0,5.34,5.47,61.82,63.54,0.0,0.0,7.4,7.57,49.04,50.38,0.34,0.25,3.24,3.47,,,6.72,4.57,,,,,,,2.52,1.99,,,0.09,0.04,20.56,17.15,1.33,1.35,0.67,0.6,231.63,212.01,,,,,,,,
2026-09-27-task7-d3,task7-d3,java,amd-stock,amd,stock,run-2,39,metrics-api,9.906,11.404,63.0,72.0,9.879,11.598,16.0,23.0,True,1000000000,samples,4406.525623374,1702,True,480.005,m8a.4xlarge,16,6.18.48,0.0,0.0,0.0,0.0,37.3,36.56,0.0,0.0,5.39,5.44,62.48,63.42,0.0,0.0,7.53,7.6,49.55,50.25,0.3,0.25,3.27,3.44,,,6.4,4.55,,,,,,,2.53,2.01,,,0.07,0.04,20.21,16.37,1.34,1.37,0.71,0.62,227.57,213.41,,,,,,,,
2026-09-27-task7-d3,task7-d3,java,amd-stock,amd,stock,run-3,39,metrics-api,9.717,9.884,62.0,63.0,9.704,11.678,15.0,22.0,True,1000000000,samples,4502.597785056,1681,True,480.006,m8a.4xlarge,16,6.18.48,0.0,0.0,0.0,0.0,38.35,37.7,0.0,0.0,5.46,5.53,61.44,62.29,0.0,0.0,7.36,7.38,48.61,49.3,0.3,0.25,3.18,3.33,,,6.61,4.67,,,,,,,2.53,2.01,,,0.07,0.04,19.3,17.08,1.32,1.33,0.76,0.61,231.32,215.25,,,,,,,,
2026-09-27-task7-d3,task7-d3,java,amd-tuned,amd,tuned,run-1,39,metrics-api,9.742,11.429,62.0,73.0,9.712,11.577,16.0,22.0,True,1000000000,samples,4449.731807472,1383,True,480.005,m8a.4xlarge,16,6.18.48,0.0,0.0,0.04,0.0,38.6,37.69,0.0,0.0,5.28,5.35,61.18,62.29,0.0,0.0,7.26,7.4,48.59,49.36,0.09,0.08,1.5,1.48,,,5.17,3.74,,,,,,,2.21,1.88,,,0.02,0.01,18.56,16.78,1.34,1.37,0.91,0.74,221.67,202.3,,,,,,,,
2026-09-27-task7-d3,task7-d3,java,amd-tuned,amd,tuned,run-2,39,metrics-api,9.692,10.061,62.0,64.0,9.665,11.309,16.0,23.0,True,1000000000,samples,4419.051396144,1381,True,480.005,m8a.4xlarge,16,6.18.48,0.0,0.0,0.0,0.0,38.58,37.98,0.0,0.0,5.38,5.43,61.2,62.0,0.0,0.0,7.38,7.44,48.42,49.1,0.09,0.08,1.43,1.44,,,5.17,3.83,,,,,,,2.28,1.86,,,0.02,0.01,18.56,16.42,1.34,1.36,1.02,0.74,226.02,206.6,,,,,,,,
2026-09-27-task7-d3,task7-d3,java,amd-tuned,amd,tuned,run-3,39,metrics-api,9.664,11.141,61.0,71.0,9.678,11.275,16.0,22.0,True,1000000000,samples,4313.824595598,1378,True,480.005,m8a.4xlarge,16,6.18.48,0.0,0.0,0.0,0.0,38.62,38.04,0.0,0.0,5.4,5.45,61.17,61.95,0.0,0.0,7.4,7.47,48.35,48.96,0.08,0.08,1.54,1.51,,,4.75,3.63,,,,,,,2.25,1.83,,,0.02,0.01,19.0,15.97,1.35,1.4,1.07,0.81,221.35,199.96,,,,,,,,
2026-09-27-task7-d3,task7-d3,java,amd-tuned-vthreads,amd,tuned-vthreads,run-1,39,metrics-api,11.426,11.66,73.0,74.0,11.297,11.824,17.0,26.0,True,1000000000,samples,4215.66995976,958,True,480.004,m8a.4xlarge,16,6.18.48,0.0,0.0,0.02,0.0,28.77,26.98,0.0,0.0,5.7,5.81,71.02,73.0,0.0,0.0,7.99,8.24,57.29,58.98,0.09,0.08,1.42,1.37,,,5.03,3.64,,,,,,,2.5,1.91,,,0.03,0.01,19.36,15.41,1.42,1.41,1.1,0.76,223.96,197.07,,,,,,,,
2026-09-27-task7-d3,task7-d3,java,amd-tuned-vthreads,amd,tuned-vthreads,run-2,38,"kubectl-top,metrics-api",12.163,13.692,77.0,87.0,12.08,14.152,19.0,26.0,True,1000000000,samples,3507.690602388,926,True,480.007,m8a.4xlarge,16,6.18.48,0.0,0.0,0.0,0.0,24.24,22.53,0.0,0.0,5.93,6.07,75.54,77.46,0.0,0.0,8.65,8.8,60.94,62.41,0.09,0.08,1.48,1.43,,,4.7,3.7,,,,,,,2.14,1.82,,,0.02,0.01,17.71,15.24,1.41,1.47,0.95,0.71,211.47,194.57,,,,,,,,
2026-09-27-task7-d3,task7-d3,java,amd-tuned-vthreads,amd,tuned-vthreads,run-3,39,metrics-api,12.16,12.351,77.0,78.0,12.082,12.163,20.0,26.0,True,1000000000,samples,3962.52563847,920,True,480.006,m8a.4xlarge,16,6.18.48,0.0,0.0,0.0,0.0,23.36,22.52,0.0,0.0,6.02,6.11,76.42,77.47,0.0,0.0,8.71,8.79,61.68,62.57,0.09,0.08,1.49,1.46,,,4.6,3.53,,,,,,,2.22,1.85,,,0.02,0.01,17.93,15.1,1.4,1.42,1.06,0.75,213.29,193.8,,,,,,,,
2026-09-27-task7-d3,task7-d3,java,arm-stock,arm,stock,run-1,39,metrics-api,8.107,11.085,51.0,70.0,9.224,11.676,14.0,20.0,True,1000000000,samples,4309.340059668,893,True,480.011,m9g.4xlarge,16,6.18.48,0.0,0.0,0.04,0.0,45.73,44.35,0.0,0.0,4.16,4.25,54.05,55.64,0.0,0.0,5.2,5.33,44.64,45.91,0.29,0.31,4.25,4.38,409.06,385.26,5.54,5.65,0.0,0.0,7.5,7.3,,,1.19,1.01,0.0,0.0,0.02,0.01,29.63,31.88,1.33,1.2,0.3,0.21,357.0,399.54,,,,,,,,
2026-09-27-task7-d3,task7-d3,java,arm-stock,arm,stock,run-2,39,metrics-api,8.021,8.223,51.0,52.0,9.216,11.429,14.0,22.0,True,1000000000,samples,4318.587482034,853,True,480.005,m9g.4xlarge,16,6.18.48,0.0,0.0,0.0,0.0,45.13,44.63,0.0,0.0,4.01,4.04,54.65,55.36,0.0,0.0,5.97,5.73,44.65,45.32,0.3,0.31,4.27,4.37,408.02,378.95,5.55,5.67,0.0,0.0,7.33,7.29,,,1.18,1.02,0.0,0.0,0.02,0.01,29.57,32.99,1.38,1.26,0.27,0.21,356.84,414.96,,,,,,,,
2026-09-27-task7-d3,task7-d3,java,arm-stock,arm,stock,run-3,39,metrics-api,8.103,10.735,51.0,68.0,9.313,11.415,15.0,20.0,True,1000000000,samples,4368.855521562,872,True,480.006,m9g.4xlarge,16,6.18.48,0.0,0.0,0.0,0.0,44.43,43.88,0.0,0.0,4.2,4.2,55.36,56.11,0.0,0.0,5.34,5.41,45.8,46.41,0.3,0.3,4.32,4.41,410.66,421.03,5.67,5.77,0.0,0.0,7.45,7.34,,,1.18,1.02,0.0,0.0,0.02,0.01,30.58,35.51,1.27,1.11,0.27,0.21,365.19,340.42,,,,,,,,
2026-09-27-task7-d3,task7-d3,java,arm-tuned,arm,tuned,run-1,39,metrics-api,8.039,10.18,51.0,65.0,9.066,11.17,16.0,22.0,True,1000000000,samples,4215.164805138,1458,True,480.003,m9g.4xlarge,16,6.18.48,0.0,0.0,0.04,0.0,45.75,44.91,0.0,0.0,4.08,4.14,54.03,55.06,0.0,0.0,5.15,5.22,44.75,45.67,0.19,0.2,3.81,4.25,431.13,438.57,5.66,5.71,0.0,0.0,7.6,7.45,,,1.19,1.01,0.0,0.0,0.01,0.01,29.6,33.94,1.41,1.21,0.21,0.15,331.49,337.59,,,,,,,,
2026-09-27-task7-d3,task7-d3,java,arm-tuned,arm,tuned,run-2,39,metrics-api,8.167,8.902,52.0,57.0,9.12,9.737,15.0,22.0,True,1000000000,samples,4279.618411194,1419,True,480.005,m9g.4xlarge,16,6.18.48,0.0,0.0,0.0,0.0,44.61,44.28,0.0,0.0,4.24,4.26,55.17,55.69,0.0,0.0,5.37,5.42,45.55,46.04,0.19,0.2,3.73,3.94,416.53,395.99,5.57,5.66,0.0,0.0,7.63,7.5,,,1.19,0.99,0.0,0.0,0.01,0.01,28.36,31.42,1.33,1.21,0.21,0.16,348.09,391.8,,,,,,,,
2026-09-27-task7-d3,task7-d3,java,arm-tuned,arm,tuned,run-3,39,metrics-api,7.905,10.082,50.0,64.0,8.895,11.422,16.0,21.0,True,1000000000,samples,4108.04109744,1419,True,480.005,m9g.4xlarge,16,6.18.48,0.0,0.0,0.0,0.0,46.57,46.05,0.0,0.0,4.17,4.24,53.21,53.94,0.0,0.0,5.23,5.31,43.8,44.36,0.2,0.21,3.81,3.72,421.58,397.09,5.51,5.67,0.0,0.0,7.63,7.54,,,1.17,1.03,0.0,0.0,0.01,0.01,28.58,27.6,1.34,1.22,0.22,0.16,347.08,394.92,,,,,,,,
2026-09-27-task7-d3,task7-d3,java,arm-tuned-vthreads,arm,tuned-vthreads,run-1,39,metrics-api,11.327,11.807,72.0,75.0,11.279,11.49,17.0,25.0,True,1000000000,samples,4605.711183612,1288,True,480.004,m9g.4xlarge,16,6.18.48,0.0,0.0,0.03,0.0,29.19,27.37,0.0,0.0,5.67,5.8,70.6,72.6,0.0,0.0,6.34,6.48,58.54,60.35,0.25,0.28,3.42,3.59,434.32,424.01,5.8,5.88,0.0,0.0,7.49,7.41,,,1.27,1.06,0.0,0.0,0.02,0.01,25.71,27.65,1.42,1.34,0.36,0.28,328.22,356.53,,,,,,,,
2026-09-27-task7-d3,task7-d3,java,arm-tuned-vthreads,arm,tuned-vthreads,run-2,39,metrics-api,12.42,12.712,79.0,81.0,12.286,12.352,19.0,27.0,True,1000000000,samples,4198.432846944,1255,True,480.004,m9g.4xlarge,16,6.18.48,0.0,0.0,0.0,0.0,22.05,21.14,0.0,0.0,5.99,6.08,77.73,78.84,0.0,0.0,6.92,6.99,64.8,65.76,0.24,0.27,3.41,3.48,450.66,435.11,5.33,5.52,0.0,0.0,7.47,7.45,,,1.25,1.06,0.0,0.0,0.01,0.01,23.76,25.3,1.45,1.29,0.31,0.27,303.41,344.1,,,,,,,,
2026-09-27-task7-d3,task7-d3,java,arm-tuned-vthreads,arm,tuned-vthreads,run-3,39,metrics-api,12.431,13.837,79.0,88.0,12.27,14.238,19.0,26.0,True,1000000000,samples,3985.762751082,1232,True,480.005,m9g.4xlarge,16,6.18.48,0.0,0.0,0.0,0.0,22.08,21.2,0.0,0.0,6.04,6.08,77.7,78.79,0.0,0.0,6.98,7.06,64.67,65.63,0.24,0.26,3.47,3.81,442.37,428.46,5.31,5.59,0.0,0.0,7.4,7.43,,,1.19,1.05,0.0,0.0,0.02,0.01,24.01,26.46,1.47,1.3,0.28,0.24,309.58,352.47,,,,,,,,
2026-09-27-task7-d3,task7-d3,java,x86-stock,x86,stock,run-1,38,metrics-api,10.307,10.86,65.0,69.0,10.656,10.754,11.0,14.0,True,1000000000,samples,4162.690580118,2173,True,480.007,m8i.4xlarge,16,6.18.48,0.0,0.0,0.04,0.0,33.74,32.58,0.01,0.0,3.86,3.94,66.04,67.41,0.0,0.0,6.79,6.82,55.33,56.49,,,,,,,,,,,18.07,17.53,,,2.55,2.57,,,,,18.88,18.21,1.02,0.9,,,160.32,156.51,,,,,,,,
2026-09-27-task7-d3,task7-d3,java,x86-stock,x86,stock,run-2,38,metrics-api,10.2955,10.48,65.0,67.0,10.669,10.705,11.0,14.0,True,1000000000,samples,3980.72151414,2265,True,480.006,m8i.4xlarge,16,6.18.48,0.0,0.0,0.0,0.0,33.22,32.43,0.01,0.0,3.94,4.0,66.56,67.55,0.0,0.0,6.28,6.3,56.32,57.2,,,,,,,,,,,17.56,17.4,,,2.79,2.45,,,,,16.98,18.69,1.01,0.95,,,156.39,164.18,,,,,,,,
2026-09-27-task7-d3,task7-d3,java,x86-stock,x86,stock,run-3,38,metrics-api,10.2965,10.506,65.0,67.0,10.651,10.692,10.0,13.0,True,1000000000,samples,4283.19573066,2237,True,480.006,m8i.4xlarge,16,6.18.48,0.0,0.0,0.0,0.0,33.31,32.65,0.01,0.0,3.94,3.94,66.47,67.34,0.0,0.0,6.48,6.51,56.02,56.7,,,,,,,,,,,17.58,17.54,,,2.42,2.51,,,,,18.17,18.22,1.03,0.92,,,158.94,157.93,,,,,,,,
2026-09-27-task7-d3,task7-d3,java,x86-tuned,x86,tuned,run-1,39,metrics-api,9.987,10.633,63.0,68.0,10.485,10.641,11.0,16.0,True,1000000000,samples,4586.34005025,1170,True,480.008,m8i.4xlarge,16,6.18.48,0.0,0.0,0.03,0.0,35.51,33.92,0.0,0.0,4.09,4.17,64.27,66.07,0.0,0.0,6.54,6.71,53.6,55.17,,,,,,,,,,,16.66,16.57,,,2.89,2.4,,,,,17.17,18.78,1.0,0.92,,,157.41,161.43,,,,,,,,
2026-09-27-task7-d3,task7-d3,java,x86-tuned,x86,tuned,run-2,38,metrics-api,9.975999999999999,10.151,63.0,64.0,10.4635,10.513,11.0,15.0,True,1000000000,samples,4475.226651966,1071,True,480.008,m8i.4xlarge,16,6.18.48,0.0,0.0,0.0,0.0,34.74,34.06,0.0,0.0,4.16,4.17,65.04,65.91,0.0,0.0,6.68,6.7,54.17,54.9,,,,,,,,,,,16.88,16.5,,,2.88,2.44,,,,,16.5,18.64,1.01,0.92,,,157.78,162.51,,,,,,,,
2026-09-27-task7-d3,task7-d3,java,x86-tuned,x86,tuned,run-3,38,metrics-api,9.95,10.167,63.0,65.0,10.451,10.522,11.0,15.0,True,1000000000,samples,4587.226648158,1090,True,480.008,m8i.4xlarge,16,6.18.48,0.0,0.0,0.0,0.0,34.79,34.12,0.0,0.0,4.14,4.19,64.99,65.87,0.0,0.0,6.72,6.79,54.12,54.87,,,,,,,,,,,16.84,16.52,,,2.88,2.48,,,,,16.7,18.48,1.01,0.93,,,157.96,161.88,,,,,,,,
2026-09-27-task7-d3,task7-d3,java,x86-tuned-vthreads,x86,tuned-vthreads,run-1,39,metrics-api,12.535,12.79,80.0,81.0,12.337,12.458,11.0,17.0,True,1000000000,samples,2852.597841156,1949,True,480.008,m8i.4xlarge,16,6.18.48,0.0,0.0,0.03,0.0,21.79,20.45,0.0,0.0,5.13,5.19,77.99,79.52,0.0,0.0,7.37,7.52,65.45,66.79,,,,,,,,,,,17.07,16.9,,,2.5,2.55,,,,,18.17,19.08,1.03,0.94,,,157.16,158.63,,,,,,,,
2026-09-27-task7-d3,task7-d3,java,x86-tuned-vthreads,x86,tuned-vthreads,run-2,39,metrics-api,12.533,12.772,80.0,81.0,12.339,12.39,11.0,16.0,True,1000000000,samples,2886.865881228,1974,True,480.007,m8i.4xlarge,16,6.18.48,0.0,0.0,0.0,0.0,21.36,20.52,0.0,0.0,5.16,5.17,78.42,79.46,0.0,0.0,7.47,7.53,65.78,66.7,,,,,,,,,,,17.06,17.21,,,2.58,2.51,,,,,17.54,19.24,1.02,0.92,,,153.42,157.57,,,,,,,,
2026-09-27-task7-d3,task7-d3,java,x86-tuned-vthreads,x86,tuned-vthreads,run-3,38,metrics-api,12.4915,12.789,79.0,81.0,12.3195,12.382,11.0,16.0,True,1000000000,samples,2299.319509452,1990,True,480.008,m8i.4xlarge,16,6.18.48,0.0,0.0,0.0,0.0,21.5,20.68,0.0,0.0,5.11,5.17,78.28,79.3,0.0,0.0,7.42,7.45,65.73,66.66,,,,,,,,,,,17.41,17.24,,,2.48,2.55,,,,,18.05,19.39,1.02,0.95,,,156.05,159.06,,,,,,,,
2026-09-27-task7-d3,task7-d3,mongo,amd-stock,amd,stock,run-1,44,metrics-api,8.6955,11.233,55.0,71.0,8.5305,10.914,31.0,47.0,True,1000000000,samples,880.164918528,920,True,480.013,m8a.4xlarge,16,6.18.48,0.0,0.0,1.06,0.19,44.77,44.01,0.0,0.0,5.73,5.84,55.02,55.9,0.0,0.0,6.71,6.84,41.5,41.75,0.48,0.35,3.25,3.21,,,11.43,8.85,,,,,,,3.2,2.54,,,0.15,0.08,28.99,24.62,0.99,0.97,0.73,0.54,278.87,282.65,,,,,,,,
2026-09-27-task7-d3,task7-d3,mongo,amd-stock,amd,stock,run-2,44,metrics-api,7.4135,8.003,47.0,51.0,7.2825,8.232,32.0,33.0,True,1000000000,samples,842.175229098,893,True,480.01,m8a.4xlarge,16,6.18.48,0.0,0.0,1.31,0.19,51.32,51.59,0.0,0.0,5.66,5.68,48.46,48.31,0.0,0.0,6.89,7.0,34.58,34.29,0.42,0.36,3.38,3.38,,,11.16,9.08,,,,,,,3.06,2.59,,,0.13,0.09,27.45,24.62,0.95,0.96,0.68,0.46,258.21,254.85,,,,,,,,
2026-09-27-task7-d3,task7-d3,mongo,amd-stock,amd,stock,run-3,44,metrics-api,7.4345,8.421,47.0,53.0,7.3149999999999995,7.858,32.0,33.0,True,1000000000,samples,843.773167188,879,True,480.009,m8a.4xlarge,16,6.18.48,0.0,0.0,1.31,0.19,51.43,51.45,0.0,0.0,5.51,5.57,48.35,48.53,0.0,0.0,6.87,6.98,34.65,34.43,0.49,0.39,3.45,3.49,,,12.06,8.84,,,,,,,3.13,2.57,,,0.13,0.09,28.97,25.57,0.97,0.94,0.7,0.53,286.3,266.36,,,,,,,,
2026-09-27-task7-d3,task7-d3,mongo,amd-tuned,amd,tuned,run-1,44,metrics-api,8.126,9.676,52.0,61.0,7.7515,9.205,33.0,35.0,True,1000000000,samples,828.412342968,767,True,480.005,m8a.4xlarge,16,6.18.48,0.0,0.0,1.3,0.19,47.01,47.33,0.0,0.0,5.56,5.58,52.77,52.6,0.0,0.0,6.96,7.04,38.95,38.06,0.11,0.09,1.54,1.4,,,6.45,5.68,,,,,,,2.53,2.18,,,0.03,0.02,26.01,23.49,1.11,1.03,0.74,0.52,276.79,259.85,,,,,,,,
2026-09-27-task7-d3,task7-d3,mongo,amd-tuned,amd,tuned,run-2,44,metrics-api,8.09,9.242,51.0,59.0,7.817,9.033,32.0,34.0,True,1000000000,samples,836.226775692,787,True,480.005,m8a.4xlarge,16,6.18.48,0.0,0.0,1.2,0.19,46.51,46.83,0.0,0.0,5.58,5.66,53.28,53.11,0.0,0.0,6.89,6.92,39.59,39.05,0.11,0.1,1.66,1.57,,,6.79,6.08,,,,,,,2.63,2.26,,,0.04,0.02,27.83,24.34,1.08,1.01,0.87,0.64,288.16,281.25,,,,,,,,
2026-09-27-task7-d3,task7-d3,mongo,amd-tuned,amd,tuned,run-3,44,metrics-api,8.5675,9.677,54.5,61.0,8.455,9.517,33.0,35.0,True,1000000000,samples,838.855641582,750,True,480.004,m8a.4xlarge,16,6.18.48,0.0,0.0,1.37,0.19,44.3,44.54,0.0,0.0,5.57,5.66,55.48,55.45,0.0,0.0,6.68,6.8,41.85,41.51,0.11,0.09,1.63,1.58,,,6.66,5.61,,,,,,,2.63,2.19,,,0.04,0.02,26.93,23.71,1.08,1.03,0.75,0.53,276.02,262.68,,,,,,,,
2026-09-27-task7-d3,task7-d3,mongo,arm-stock,arm,stock,run-1,44,metrics-api,8.649,9.172,55.0,58.0,8.340499999999999,8.7,47.0,48.0,True,1000000000,samples,961.54635906,880,True,480.015,m9g.4xlarge,16,6.18.48,0.0,0.0,1.57,0.25,44.94,44.05,0.0,0.0,7.39,7.55,54.84,55.92,0.0,0.0,7.03,7.23,38.83,39.57,0.21,0.19,4.51,4.57,429.52,421.92,7.58,7.17,0.0,0.0,11.25,11.4,,,1.18,1.01,0.0,0.0,0.02,0.01,26.72,26.43,1.25,1.25,0.27,0.23,353.8,360.2,,,,,,,,
2026-09-27-task7-d3,task7-d3,mongo,arm-stock,arm,stock,run-2,44,metrics-api,8.719999999999999,9.044,55.0,57.0,8.454,8.696,47.0,48.0,True,1000000000,samples,980.82470892,885,True,480.012,m9g.4xlarge,16,6.18.48,0.0,0.0,1.67,0.19,43.45,43.08,0.0,0.0,7.6,7.63,56.33,56.9,0.0,0.0,7.24,7.31,39.81,40.08,0.23,0.22,5.08,5.16,435.05,405.87,8.33,7.67,0.0,0.0,11.5,11.76,,,1.31,1.15,0.0,0.0,0.02,0.02,32.21,32.19,1.13,1.09,0.35,0.32,373.47,386.74,,,,,,,,
2026-09-27-task7-d3,task7-d3,mongo,arm-stock,arm,stock,run-3,44,metrics-api,8.716000000000001,9.421,55.0,60.0,8.565,9.0,47.0,48.0,True,1000000000,samples,988.133987022,730,True,480.006,m9g.4xlarge,16,6.18.48,0.0,0.0,1.67,0.19,43.21,43.18,0.0,0.0,7.51,7.6,56.58,56.79,0.0,0.0,7.24,7.32,40.14,40.08,0.24,0.23,5.09,5.2,419.78,406.93,7.81,7.75,0.0,0.0,11.64,11.89,,,1.22,1.1,0.0,0.0,0.02,0.02,31.04,31.6,1.16,1.11,0.33,0.3,374.02,376.91,,,,,,,,
2026-09-27-task7-d3,task7-d3,mongo,arm-tuned,arm,tuned,run-1,44,metrics-api,8.725000000000001,9.556,55.0,61.0,8.432,8.742,47.0,48.0,True,1000000000,samples,1005.226769946,758,True,480.007,m9g.4xlarge,16,6.18.48,0.0,0.0,1.71,0.2,43.96,43.35,0.0,0.0,7.58,7.73,55.82,56.64,0.0,0.0,7.25,7.41,39.26,39.83,0.2,0.19,4.78,4.94,433.93,426.36,7.8,7.56,0.0,0.0,11.34,11.64,,,1.21,1.07,0.0,0.0,0.02,0.01,30.87,30.9,1.12,1.07,0.25,0.2,370.76,369.36,,,,,,,,
2026-09-27-task7-d3,task7-d3,mongo,arm-tuned,arm,tuned,run-2,44,metrics-api,8.653500000000001,9.16,55.0,58.0,8.348500000000001,8.703,46.0,48.0,True,1000000000,samples,982.721616072,901,True,480.006,m9g.4xlarge,16,6.18.48,0.0,0.0,1.55,0.2,43.9,43.51,0.0,0.0,7.5,7.63,55.88,56.47,0.0,0.0,7.26,7.31,39.56,39.63,0.19,0.18,4.77,4.87,440.61,429.75,7.37,7.27,0.0,0.0,11.38,11.61,,,1.1,0.96,0.0,0.0,0.01,0.01,28.05,28.3,1.19,1.15,0.19,0.16,354.58,360.81,,,,,,,,
2026-09-27-task7-d3,task7-d3,mongo,arm-tuned,arm,tuned,run-3,44,metrics-api,8.6695,9.226,55.0,59.0,8.4755,8.694,47.0,49.0,True,1000000000,samples,1005.845326626,757,True,480.006,m9g.4xlarge,16,6.18.48,0.0,0.0,1.65,0.25,43.74,43.58,0.0,0.0,7.64,7.72,56.04,56.37,0.0,0.0,7.35,7.38,39.38,39.16,0.21,0.21,4.9,4.97,424.59,421.54,7.63,7.56,0.0,0.0,11.6,11.73,,,1.22,1.07,0.0,0.0,0.02,0.01,30.0,30.4,1.12,1.08,0.21,0.18,382.27,385.79,,,,,,,,
2026-09-27-task7-d3,task7-d3,mongo,x86-stock,x86,stock,run-1,44,metrics-api,12.349499999999999,13.152,78.0,84.0,12.0805,14.289,36.0,38.0,True,1000000000,samples,1353.443252952,1053,True,480.015,m8i.4xlarge,16,6.18.48,0.0,0.0,1.1,0.12,22.42,21.35,0.0,0.0,9.04,9.16,77.36,78.63,0.0,0.0,9.76,9.94,57.44,58.64,,,,,,,,,,,27.03,27.31,,,3.31,3.32,,,,,64.7,68.52,0.64,0.59,,,216.44,219.14,,,,,,,,
2026-09-27-task7-d3,task7-d3,mongo,x86-stock,x86,stock,run-2,44,metrics-api,12.233,12.594,78.0,80.0,12.078,12.389,36.0,38.0,True,1000000000,samples,1334.422635042,995,True,480.017,m8i.4xlarge,16,6.18.48,0.0,0.0,1.02,0.12,21.83,21.31,0.0,0.0,9.16,9.25,77.95,78.66,0.0,0.0,9.96,10.07,57.79,58.85,,,,,,,,,,,26.28,26.71,,,3.22,3.28,,,,,63.63,66.05,0.65,0.62,,,211.68,215.11,,,,,,,,
2026-09-27-task7-d3,task7-d3,mongo,x86-stock,x86,stock,run-3,44,metrics-api,12.304,12.501,78.0,79.0,12.153,12.266,36.0,38.0,True,1000000000,samples,1354.319541582,972,True,480.01,m8i.4xlarge,16,6.18.48,0.0,0.0,1.03,0.12,21.64,20.9,0.0,0.0,9.23,9.36,78.15,79.07,0.0,0.0,9.89,10.0,57.97,58.99,,,,,,,,,,,26.6,27.34,,,3.29,3.33,,,,,62.68,65.82,0.63,0.6,,,215.0,219.0,,,,,,,,
2026-09-27-task7-d3,task7-d3,mongo,x86-tuned,x86,tuned,run-1,44,metrics-api,12.006,12.903,76.0,82.0,11.878,13.219,37.0,39.0,True,1000000000,samples,1427.57727105,959,True,480.01,m8i.4xlarge,16,6.18.48,0.0,0.0,1.24,0.13,24.3,23.18,0.0,0.0,9.24,9.36,75.48,76.8,0.0,0.0,10.08,10.32,54.9,56.2,,,,,,,,,,,23.56,22.52,,,3.3,3.05,,,,,28.61,29.77,0.73,0.66,,,190.36,186.49,,,,,,,,
2026-09-27-task7-d3,task7-d3,mongo,x86-tuned,x86,tuned,run-2,44,metrics-api,12.047,12.434,76.5,79.0,11.906500000000001,12.127,37.0,39.0,True,1000000000,samples,1439.257683024,980,True,480.007,m8i.4xlarge,16,6.18.48,0.0,0.0,1.21,0.12,23.59,23.03,0.0,0.0,9.31,9.33,76.19,76.94,0.0,0.0,10.09,10.26,55.57,56.22,,,,,,,,,,,24.5,22.87,,,3.47,3.17,,,,,29.8,31.06,0.73,0.66,,,193.57,187.97,,,,,,,,
2026-09-27-task7-d3,task7-d3,mongo,x86-tuned,x86,tuned,run-3,44,metrics-api,12.003,12.307,76.0,78.0,11.875,12.016,37.0,39.0,True,1000000000,samples,1422.154590822,953,True,480.008,m8i.4xlarge,16,6.18.48,0.0,0.0,1.25,0.13,23.66,23.29,0.0,0.0,9.19,9.3,76.12,76.7,0.0,0.0,10.24,10.39,55.43,56.1,,,,,,,,,,,24.04,23.19,,,3.36,3.3,,,,,30.04,31.36,0.74,0.65,,,192.06,187.59,,,,,,,,
2026-09-27-task7-d3,task7-d3,postgres,amd-stock,amd,stock,run-1,42,metrics-api,13.734,14.086,87.0,89.0,13.472,14.984,12.0,12.0,True,1000000000,samples,2645.896817256,583,True,480.009,m8a.4xlarge,16,6.18.48,0.0,0.0,0.02,0.0,14.96,13.55,0.0,0.0,19.05,19.41,84.82,86.44,0.0,0.0,15.97,16.25,49.76,50.72,0.38,0.33,3.27,3.51,,,9.43,8.12,,,,,,,3.12,2.63,,,0.13,0.09,27.98,25.37,1.07,1.02,1.11,0.8,300.86,285.98,,,,,,,,
2026-09-27-task7-d3,task7-d3,postgres,amd-stock,amd,stock,run-2,42,metrics-api,13.648,13.906,87.0,88.0,13.4225,13.796,12.0,12.0,True,1000000000,samples,2643.09269364,575,True,480.008,m8a.4xlarge,16,6.18.48,0.0,0.0,0.0,0.0,14.77,13.75,0.0,0.0,18.96,19.15,85.01,86.24,0.0,0.0,16.06,16.26,49.97,50.72,0.4,0.35,3.39,3.55,,,10.8,8.18,,,,,,,3.26,2.61,,,0.13,0.1,30.64,26.3,1.06,1.02,1.16,0.83,309.85,298.94,,,,,,,,
2026-09-27-task7-d3,task7-d3,postgres,amd-stock,amd,stock,run-3,42,metrics-api,13.892,14.237,88.0,90.0,13.758,14.015,12.0,12.0,True,1000000000,samples,2715.494753034,581,True,480.007,m8a.4xlarge,16,6.18.48,0.0,0.0,0.0,0.0,13.44,12.38,0.0,0.0,19.39,19.66,86.35,87.61,0.0,0.0,16.25,16.43,50.7,51.44,0.41,0.32,3.35,3.39,,,10.02,8.0,,,,,,,3.22,2.55,,,0.13,0.09,29.85,25.77,1.09,1.02,1.19,0.86,314.5,301.54,,,,,,,,
2026-09-27-task7-d3,task7-d3,postgres,amd-tuned,amd,tuned,run-1,42,metrics-api,11.895,15.044,76.0,96.0,11.7035,14.988,14.0,14.0,True,1000000000,samples,2009.84529249,635,True,480.005,m8a.4xlarge,16,6.18.48,0.0,0.0,0.03,0.0,25.06,23.85,0.0,0.0,10.64,10.86,74.72,76.13,0.0,0.0,17.66,17.96,46.38,47.27,0.12,0.09,1.49,1.4,,,7.6,6.66,,,,,,,2.85,2.56,,,0.04,0.03,30.35,27.72,1.15,1.06,1.32,1.04,294.7,286.54,,,,,,,,
2026-09-27-task7-d3,task7-d3,postgres,amd-tuned,amd,tuned,run-2,42,metrics-api,11.8605,12.24,75.0,78.0,11.711,11.969,13.0,14.0,True,1000000000,samples,1985.731891248,572,True,480.007,m8a.4xlarge,16,6.18.48,0.0,0.0,0.0,0.0,24.83,23.8,0.0,0.0,10.72,10.9,74.95,76.17,0.0,0.0,17.63,17.86,46.59,47.28,0.11,0.1,1.53,1.41,,,7.84,6.79,,,,,,,2.84,2.54,,,0.04,0.03,30.14,27.19,1.13,1.07,1.33,1.17,297.02,297.24,,,,,,,,
2026-09-27-task7-d3,task7-d3,postgres,amd-tuned,amd,tuned,run-3,42,metrics-api,11.6145,11.976,74.0,76.0,11.461500000000001,11.737,14.0,14.0,True,1000000000,samples,1930.886532288,609,True,480.009,m8a.4xlarge,16,6.18.48,0.0,0.0,0.0,0.0,26.11,25.11,0.0,0.0,10.28,10.4,73.68,74.87,0.0,0.0,17.29,17.56,46.09,46.82,0.13,0.11,1.53,1.46,,,7.23,6.26,,,,,,,2.88,2.54,,,0.04,0.03,29.73,27.03,1.12,1.07,1.37,1.13,297.27,283.61,,,,,,,,
2026-09-27-task7-d3,task7-d3,postgres,arm-stock,arm,stock,run-1,42,metrics-api,12.181999999999999,15.056,77.0,96.0,12.066,12.672,7.0,8.0,True,1000000000,samples,2050.587559146,564,True,480.006,m9g.4xlarge,16,6.18.48,0.0,0.0,0.04,0.0,23.74,21.97,0.0,0.0,16.73,17.08,76.04,78.02,0.0,0.0,12.01,12.32,47.25,48.49,0.44,0.39,3.87,4.04,318.58,336.55,9.96,8.81,0.01,0.0,11.32,10.02,,,3.84,3.88,0.0,0.0,0.08,0.06,24.38,24.98,1.1,0.98,0.93,0.84,463.59,421.29,,,,,,,,
2026-09-27-task7-d3,task7-d3,postgres,arm-stock,arm,stock,run-2,42,metrics-api,12.1375,12.441,77.0,79.0,12.0265,12.153,7.0,8.0,True,1000000000,samples,2046.670033506,566,True,480.006,m9g.4xlarge,16,6.18.48,0.0,0.0,0.0,0.0,22.92,22.17,0.0,0.0,16.9,17.07,76.86,77.82,0.0,0.0,12.19,12.29,47.77,48.42,0.47,0.45,3.94,4.13,308.45,291.1,10.31,9.93,0.01,0.0,9.98,8.97,,,3.45,3.34,0.0,0.0,0.09,0.08,22.51,18.83,1.15,1.19,0.83,0.65,505.83,537.66,,,,,,,,
2026-09-27-task7-d3,task7-d3,postgres,arm-stock,arm,stock,run-3,42,metrics-api,12.130500000000001,12.408,77.0,79.0,12.028,12.224,8.0,8.0,True,1000000000,samples,2038.288590492,564,True,480.007,m9g.4xlarge,16,6.18.48,0.0,0.0,0.0,0.0,22.98,22.16,0.0,0.0,16.93,17.1,76.8,77.83,0.0,0.0,12.12,12.24,47.73,48.35,0.48,0.47,3.99,4.25,298.38,273.89,10.81,10.48,0.01,0.0,10.35,8.94,,,3.45,3.35,0.0,0.0,0.09,0.08,22.09,17.02,1.15,1.26,0.84,0.66,515.74,577.23,,,,,,,,
2026-09-27-task7-d3,task7-d3,postgres,arm-tuned,arm,tuned,run-1,42,metrics-api,12.9285,15.198,82.0,96.0,12.712,14.994,9.0,9.0,True,1000000000,samples,1942.546325706,528,True,480.007,m9g.4xlarge,16,6.18.48,0.0,0.0,0.03,0.0,19.26,17.51,0.0,0.0,13.82,14.09,80.53,82.47,0.0,0.0,13.62,13.92,53.04,54.23,0.14,0.12,4.2,4.35,361.06,348.19,7.32,7.2,0.0,0.0,10.87,11.39,,,1.21,1.0,0.0,0.0,0.01,0.01,26.86,27.99,1.21,1.15,0.16,0.14,433.07,454.97,,,,,,,,
2026-09-27-task7-d3,task7-d3,postgres,arm-tuned,arm,tuned,run-2,42,metrics-api,12.940000000000001,13.139,82.0,83.0,12.7925,12.851,9.0,9.0,True,1000000000,samples,1970.36075775,525,True,480.008,m9g.4xlarge,16,6.18.48,0.0,0.0,0.0,0.0,18.49,17.39,0.0,0.0,14.02,14.14,81.29,82.6,0.0,0.0,13.87,14.04,53.38,54.2,0.16,0.14,4.79,5.02,356.2,350.44,7.52,7.6,0.0,0.0,10.94,11.57,,,1.51,1.33,0.0,0.0,0.02,0.01,34.59,37.04,1.08,0.99,0.23,0.19,439.81,448.51,,,,,,,,
2026-09-27-task7-d3,task7-d3,postgres,arm-tuned,arm,tuned,run-3,42,metrics-api,12.621500000000001,12.749,80.0,81.0,12.426,12.543,9.0,9.0,True,1000000000,samples,1889.989626462,527,True,480.007,m9g.4xlarge,16,6.18.48,0.0,0.0,0.0,0.0,20.26,19.43,0.0,0.0,13.86,14.05,79.52,80.55,0.0,0.0,13.51,13.69,52.15,52.91,0.16,0.15,4.33,4.46,362.31,344.33,7.49,7.45,0.0,0.0,10.96,11.37,,,1.15,0.96,0.0,0.0,0.01,0.01,28.03,29.0,1.18,1.15,0.15,0.12,432.02,456.48,,,,,,,,
2026-09-27-task7-d3,task7-d3,postgres,x86-stock,x86,stock,run-1,42,metrics-api,12.7775,14.7,81.0,93.0,12.664,14.988,7.0,8.0,True,1000000000,samples,2144.43291678,577,True,480.013,m8i.4xlarge,16,6.18.48,0.0,0.0,0.03,0.0,18.66,17.12,0.0,0.0,16.38,16.65,81.12,82.87,0.0,0.0,13.78,14.06,50.91,52.01,,,,,,,,,,,26.72,25.07,,,3.53,3.13,,,,,29.57,31.89,0.69,0.63,,,195.93,199.54,,,,,,,,
2026-09-27-task7-d3,task7-d3,postgres,x86-stock,x86,stock,run-2,42,metrics-api,12.783,12.928,81.0,82.0,12.656500000000001,12.743,7.0,7.0,True,1000000000,samples,2147.288586786,576,True,480.012,m8i.4xlarge,16,6.18.48,0.0,0.0,0.0,0.0,18.08,17.18,0.0,0.0,16.41,16.62,81.7,82.8,0.0,0.0,13.96,14.13,51.31,52.04,,,,,,,,,,,26.34,24.99,,,3.21,3.06,,,,,29.56,31.14,0.69,0.62,,,192.36,195.88,,,,,,,,
2026-09-27-task7-d3,task7-d3,postgres,x86-stock,x86,stock,run-3,42,metrics-api,12.7045,12.878,81.0,82.0,12.620999999999999,12.8,7.0,7.0,True,1000000000,samples,2124.061783452,573,True,480.013,m8i.4xlarge,16,6.18.48,0.0,0.0,0.0,0.0,18.69,17.79,0.0,0.0,16.09,16.23,81.09,82.2,0.0,0.0,13.81,13.97,51.17,51.95,,,,,,,,,,,25.1,23.79,,,3.51,3.39,,,,,31.52,32.0,0.69,0.61,,,208.06,212.44,,,,,,,,
2026-09-27-task7-d3,task7-d3,postgres,x86-tuned,x86,tuned,run-1,42,metrics-api,13.03,15.326,83.0,97.0,12.844000000000001,14.992,9.0,10.0,True,1000000000,samples,1898.340141642,626,True,480.007,m8i.4xlarge,16,6.18.48,0.0,0.0,0.03,0.0,17.52,15.86,0.0,0.0,11.08,11.25,82.26,84.13,0.0,0.0,15.76,16.06,55.37,56.56,,,,,,,,,,,25.13,25.6,,,2.95,2.97,,,,,59.35,62.84,0.77,0.73,,,220.64,221.25,,,,,,,,
2026-09-27-task7-d3,task7-d3,postgres,x86-tuned,x86,tuned,run-2,42,metrics-api,12.899000000000001,13.08,82.0,83.0,12.733,12.912,9.0,9.0,True,1000000000,samples,1856.731895634,598,True,480.006,m8i.4xlarge,16,6.18.48,0.0,0.0,0.0,0.0,17.26,16.28,0.01,0.0,10.89,10.94,82.52,83.7,0.0,0.0,15.81,16.02,55.78,56.59,,,,,,,,,,,23.63,23.95,,,2.77,2.79,,,,,54.0,56.68,0.8,0.77,,,209.58,209.69,,,,,,,,
2026-09-27-task7-d3,task7-d3,postgres,x86-tuned,x86,tuned,run-3,42,metrics-api,12.899999999999999,13.067,82.0,83.0,12.729,12.817,9.0,9.0,True,1000000000,samples,1857.237050256,611,True,480.007,m8i.4xlarge,16,6.18.48,0.0,0.0,0.0,0.0,17.55,16.6,0.01,0.0,10.79,10.96,82.23,83.39,0.0,0.0,15.65,15.92,55.77,56.63,,,,,,,,,,,23.84,24.21,,,2.82,2.83,,,,,55.42,57.45,0.8,0.77,,,213.17,213.96,,,,,,,,
2026-09-28-task8-arc,early-lab,java,arc-m5,arc,m5,run-1,24,metrics-api,10.558,11.339,66.0,71.0,10.376999999999999,10.524,6.0,8.0,True,1000000000,samples,3012.42257799,1032,True,300.011,m5.4xlarge,16,6.18.48,0.0,0.0,0.03,0.0,35.06,32.57,0.0,0.0,4.77,4.92,64.6,67.41,0.0,0.0,7.17,7.44,52.61,54.93,,,,,,,,,,,,,,,,,,,,,,,,,,,,,,,,,,,,
2026-09-28-task8-arc,early-lab,java,arc-m6g,arc,m6g,run-1,24,metrics-api,8.6695,9.042,55.0,57.0,9.58,9.656,6.0,7.0,True,1000000000,samples,2755.752483624,766,True,300.011,m6g.4xlarge,16,6.18.48,0.0,0.0,0.04,0.0,42.82,40.6,0.0,0.0,5.03,5.17,56.83,59.38,0.0,0.0,6.62,6.88,45.14,47.14,2.74,2.82,14.23,14.47,295.9,297.94,35.9,37.12,0.22,0.23,13.87,13.96,,,11.37,11.56,0.0,0.0,1.32,1.37,48.9,49.94,0.75,0.75,4.39,4.55,411.76,407.96,,,,,,,,
2026-09-28-task8-arc,early-lab,java,arc-m6i,arc,m6i,run-1,24,metrics-api,10.483,10.63,66.0,67.0,10.392,11.68,7.0,10.0,True,1000000000,samples,2842.649387886,2208,True,300.009,m6i.4xlarge,16,6.18.48,0.0,0.0,0.02,0.0,35.17,32.8,0.0,0.0,5.0,5.19,64.49,67.18,0.0,0.0,7.68,7.94,51.78,54.05,,,,,,,,,,,,,,,,,,,,,,,,,,,,,,,,,,,,
2026-09-28-task8-arc,early-lab,java,arc-m7g,arc,m7g,run-1,24,metrics-api,8.666,13.44,55.0,85.0,9.681,10.54,7.0,10.0,True,1000000000,samples,2852.226707148,843,True,300.009,m7g.4xlarge,16,6.18.48,0.0,0.0,0.05,0.0,41.3,40.19,0.0,0.0,5.25,5.35,58.36,59.79,0.0,0.0,7.3,7.41,45.74,46.94,2.35,2.39,17.53,17.7,173.62,171.69,37.3,37.94,0.07,0.08,14.03,14.12,,,12.21,12.38,0.0,0.0,1.2,1.23,54.95,55.39,0.85,0.85,5.38,5.51,533.27,531.41,,,,,,,,
2026-09-28-task8-arc,early-lab,java,arc-m7i,arc,m7i,run-1,24,metrics-api,10.549,10.894,66.0,69.0,11.175,11.272,8.0,11.0,True,1000000000,samples,2197.06178097,1972,True,300.013,m7i.4xlarge,16,6.18.48,0.0,0.0,0.03,0.0,30.16,28.73,0.0,0.0,4.23,4.32,69.5,71.25,0.0,0.0,6.47,6.55,58.76,60.21,,,,,147.63,141.35,22.86,22.55,,,22.91,22.97,,,5.42,5.36,,,1.41,1.41,56.67,56.78,0.77,0.78,1.55,1.57,237.83,237.81,0.07,0.07,3.45,3.42,11.61,11.71,2.05,2.05
2026-09-28-task8-arc,early-lab,java,arc-m8a,arc,m8a,run-1,24,metrics-api,10.311,13.026,65.0,82.0,10.354500000000002,13.771,14.0,27.0,True,1000000000,samples,2899.185468438,2194,True,300.008,m8a.4xlarge,16,6.18.48,0.0,0.0,0.02,0.0,35.72,33.55,0.0,0.0,5.43,5.6,63.94,66.44,0.0,0.0,7.5,7.74,50.98,53.01,0.32,0.24,5.6,5.66,,,36.05,35.53,,,,,,,2.67,2.53,,,0.18,0.15,64.58,64.66,1.4,1.42,9.08,9.37,387.19,382.3,,,,,,,,
2026-09-28-task8-arc,early-lab,java,arc-m8g,arc,m8g,run-1,24,metrics-api,8.815,9.013,55.0,57.0,9.8345,9.944,9.0,13.0,True,1000000000,samples,2879.938046412,950,True,300.008,m8g.4xlarge,16,6.18.48,0.0,0.0,0.05,0.0,40.63,39.37,0.0,0.0,5.33,5.43,59.02,60.59,0.0,0.0,7.39,7.6,46.24,47.4,2.2,2.23,15.87,16.04,219.18,217.06,31.06,31.61,0.04,0.04,13.66,13.73,,,3.88,3.87,0.0,0.0,0.96,0.98,57.37,57.86,1.15,1.16,4.84,4.94,517.28,516.32,,,,,,,,
2026-09-28-task8-arc,early-lab,java,arc-m8i,arc,m8i,run-1,24,metrics-api,10.942,11.17,69.0,70.0,11.276,11.401,10.0,14.0,True,1000000000,samples,2496.298884198,1652,True,300.01,m8i.4xlarge,16,6.18.48,0.0,0.0,0.03,0.0,29.41,28.12,0.0,0.0,4.08,4.16,70.24,71.86,0.0,0.0,6.46,6.6,59.65,60.98,,,,,,,,,,,21.93,22.01,,,3.65,3.53,,,,,44.63,44.61,0.84,0.85,,,294.05,294.44,,,,,,,,
2026-09-28-task8-arc,early-lab,java,arc-m9g,arc,m9g,run-1,24,metrics-api,8.3125,12.881,52.0,81.0,9.5095,13.299,14.0,22.0,True,1000000000,samples,2751.453514698,2127,True,300.006,m9g.4xlarge,16,6.18.48,0.0,0.0,0.04,0.0,43.32,42.3,0.0,0.0,4.19,4.24,56.34,57.69,0.0,0.0,5.43,5.52,46.66,47.74,1.19,1.2,9.05,9.16,305.12,305.24,18.56,18.7,0.0,0.0,13.13,13.19,,,1.36,1.33,0.0,0.0,0.57,0.58,36.38,36.69,1.9,1.92,3.97,4.02,400.67,395.46,,,,,,,,
2026-09-28-task8-arc-r2,early-lab,java,arc-m8g,arc,m8g,run-1,24,metrics-api,8.6305,8.799,54.0,55.0,9.721,9.881,10.0,12.0,True,1000000000,samples,2754.1236177,1779,True,300.008,m8g.4xlarge,16,6.18.48,0.0,0.0,0.04,0.0,42.24,40.45,0.0,0.0,5.17,5.33,57.42,59.54,0.0,0.0,7.25,7.55,44.95,46.66,2.12,2.18,15.77,16.01,205.24,206.96,31.46,32.29,0.04,0.04,13.58,13.72,,,3.86,3.88,0.0,0.0,0.99,1.02,57.67,57.92,1.17,1.2,4.92,5.08,525.06,518.06,,,,,,,,
